LocationType,Location,TimeFrame,DataFormat,Data
State,Tennessee,1997,Currency,22814.00
State,Tennessee,1998,Currency,24101.00
State,Tennessee,1999,Currency,25014.00
State,Tennessee,2000,Currency,26290.00
State,Tennessee,2001,Currency,26808.00
State,Tennessee,2002,Currency,27611.00
State,Tennessee,2003,Currency,28440.00
State,Tennessee,2004,Currency,29844.00
State,Tennessee,2005,Currency,30969.00
State,Tennessee,2006,Currency,32172.00
State,Tennessee,2007,Currency,33395.00
State,Tennessee,2008,Currency,34833.00
State,Tennessee,2009,Currency,34277.00
State,Tennessee,2010,Currency,34921.00
State,Tennessee,2011,Currency,37109.68
State,Tennessee,2012,Currency,38752.24
State,Tennessee,2013,Currency,39558.00
State,Tennessee,2014,Currency,40457.00
State,Tennessee,2015,Currency,42094.00
State,Tennessee,2016,Currency,43326.00
State,Tennessee,2017,Currency,45517.00
State,Tennessee,2018,Currency,46900.00
State,Tennessee,2021,Currency,56560.00
State,Tennessee,2019,Currency,49343.00
State,Tennessee,2020,Currency,52351.00
County,Anderson,1997,Currency,23392.00
County,Anderson,1998,Currency,24500.00
County,Anderson,1999,Currency,24994.00
County,Anderson,2000,Currency,26473.00
County,Anderson,2001,Currency,27194.00
County,Anderson,2002,Currency,27100.00
County,Anderson,2003,Currency,27664.00
County,Anderson,2004,Currency,29641.00
County,Anderson,2005,Currency,29007.00
County,Anderson,2006,Currency,30218.00
County,Anderson,2007,Currency,31077.00
County,Anderson,2008,Currency,33367.00
County,Anderson,2009,Currency,33851.00
County,Anderson,2010,Currency,34358.00
County,Anderson,2011,Currency,37345.91
County,Anderson,2012,Currency,38565.57
County,Anderson,2013,Currency,39148.00
County,Anderson,2014,Currency,40361.00
County,Anderson,2015,Currency,38637.00
County,Anderson,2016,Currency,39225.00
County,Anderson,2017,Currency,40847.00
County,Anderson,2018,Currency,41853.00
County,Anderson,2021,Currency,50901.00
County,Anderson,2019,Currency,44090.00
County,Anderson,2020,Currency,47198.00
County,Bedford,1997,Currency,19107.00
County,Bedford,1998,Currency,20063.00
County,Bedford,1999,Currency,20593.00
County,Bedford,2000,Currency,21470.00
County,Bedford,2001,Currency,21994.00
County,Bedford,2002,Currency,23635.00
County,Bedford,2003,Currency,24832.00
County,Bedford,2004,Currency,25791.00
County,Bedford,2005,Currency,26780.00
County,Bedford,2006,Currency,27783.00
County,Bedford,2007,Currency,28281.00
County,Bedford,2008,Currency,28642.00
County,Bedford,2009,Currency,28256.00
County,Bedford,2010,Currency,29667.00
County,Bedford,2011,Currency,31699.43
County,Bedford,2012,Currency,33021.24
County,Bedford,2013,Currency,34315.00
County,Bedford,2014,Currency,32969.00
County,Bedford,2015,Currency,34618.00
County,Bedford,2016,Currency,34069.00
County,Bedford,2017,Currency,36427.00
County,Bedford,2018,Currency,37266.00
County,Bedford,2021,Currency,46083.00
County,Bedford,2019,Currency,39243.00
County,Bedford,2020,Currency,41608.00
County,Benton,1997,Currency,18314.00
County,Benton,1998,Currency,18592.00
County,Benton,1999,Currency,19323.00
County,Benton,2000,Currency,20675.00
County,Benton,2001,Currency,19994.00
County,Benton,2002,Currency,20470.00
County,Benton,2003,Currency,20226.00
County,Benton,2004,Currency,20696.00
County,Benton,2005,Currency,21811.00
County,Benton,2006,Currency,23049.00
County,Benton,2007,Currency,23737.00
County,Benton,2008,Currency,25359.00
County,Benton,2009,Currency,26247.00
County,Benton,2010,Currency,27129.00
County,Benton,2011,Currency,29291.25
County,Benton,2012,Currency,30524.37
County,Benton,2013,Currency,30800.00
County,Benton,2014,Currency,32659.00
County,Benton,2015,Currency,33443.00
County,Benton,2016,Currency,34013.00
County,Benton,2017,Currency,33164.00
County,Benton,2018,Currency,33661.00
County,Benton,2021,Currency,40963.00
County,Benton,2019,Currency,35071.00
County,Benton,2020,Currency,38021.00
County,Bledsoe,1997,Currency,15153.00
County,Bledsoe,1998,Currency,16185.00
County,Bledsoe,1999,Currency,16697.00
County,Bledsoe,2000,Currency,16780.00
County,Bledsoe,2001,Currency,17361.00
County,Bledsoe,2002,Currency,19262.00
County,Bledsoe,2003,Currency,19842.00
County,Bledsoe,2004,Currency,20827.00
County,Bledsoe,2005,Currency,21481.00
County,Bledsoe,2006,Currency,22510.00
County,Bledsoe,2007,Currency,23849.00
County,Bledsoe,2008,Currency,22849.00
County,Bledsoe,2009,Currency,22806.00
County,Bledsoe,2010,Currency,23666.00
County,Bledsoe,2011,Currency,25423.60
County,Bledsoe,2012,Currency,26380.96
County,Bledsoe,2013,Currency,27162.00
County,Bledsoe,2014,Currency,21432.00
County,Bledsoe,2015,Currency,20719.00
County,Bledsoe,2016,Currency,20353.00
County,Bledsoe,2017,Currency,25705.00
County,Bledsoe,2018,Currency,26281.00
County,Bledsoe,2021,Currency,33675.00
County,Bledsoe,2019,Currency,28598.00
County,Bledsoe,2020,Currency,30830.00
County,Blount,1997,Currency,21284.00
County,Blount,1998,Currency,22738.00
County,Blount,1999,Currency,23794.00
County,Blount,2000,Currency,25149.00
County,Blount,2001,Currency,25370.00
County,Blount,2002,Currency,25353.00
County,Blount,2003,Currency,26224.00
County,Blount,2004,Currency,26515.00
County,Blount,2005,Currency,27337.00
County,Blount,2006,Currency,28385.00
County,Blount,2007,Currency,29325.00
County,Blount,2008,Currency,31109.00
County,Blount,2009,Currency,30362.00
County,Blount,2010,Currency,29365.00
County,Blount,2011,Currency,33181.39
County,Blount,2012,Currency,34292.69
County,Blount,2013,Currency,35310.00
County,Blount,2014,Currency,37085.00
County,Blount,2015,Currency,37900.00
County,Blount,2016,Currency,39226.00
County,Blount,2017,Currency,41224.00
County,Blount,2018,Currency,42991.00
County,Blount,2021,Currency,52596.00
County,Blount,2019,Currency,45860.00
County,Blount,2020,Currency,49002.00
County,Bradley,1997,Currency,22078.00
County,Bradley,1998,Currency,22766.00
County,Bradley,1999,Currency,23642.00
County,Bradley,2000,Currency,24243.00
County,Bradley,2001,Currency,25243.00
County,Bradley,2002,Currency,25733.00
County,Bradley,2003,Currency,25955.00
County,Bradley,2004,Currency,27232.00
County,Bradley,2005,Currency,28400.00
County,Bradley,2006,Currency,28280.00
County,Bradley,2007,Currency,29380.00
County,Bradley,2008,Currency,30464.00
County,Bradley,2009,Currency,30335.00
County,Bradley,2010,Currency,30030.00
County,Bradley,2011,Currency,32357.72
County,Bradley,2012,Currency,33957.90
County,Bradley,2013,Currency,35791.00
County,Bradley,2014,Currency,39715.00
County,Bradley,2015,Currency,37216.00
County,Bradley,2016,Currency,37941.00
County,Bradley,2017,Currency,38766.00
County,Bradley,2018,Currency,39099.00
County,Bradley,2021,Currency,46409.00
County,Bradley,2019,Currency,40228.00
County,Bradley,2020,Currency,43319.00
County,Campbell,1997,Currency,15451.00
County,Campbell,1998,Currency,16070.00
County,Campbell,1999,Currency,16427.00
County,Campbell,2000,Currency,17182.00
County,Campbell,2001,Currency,17653.00
County,Campbell,2002,Currency,20409.00
County,Campbell,2003,Currency,20575.00
County,Campbell,2004,Currency,21825.00
County,Campbell,2005,Currency,23179.00
County,Campbell,2006,Currency,23356.00
County,Campbell,2007,Currency,24706.00
County,Campbell,2008,Currency,26223.00
County,Campbell,2009,Currency,26174.00
County,Campbell,2010,Currency,27236.00
County,Campbell,2011,Currency,28242.47
County,Campbell,2012,Currency,29538.10
County,Campbell,2013,Currency,30734.00
County,Campbell,2014,Currency,30473.00
County,Campbell,2015,Currency,30981.00
County,Campbell,2016,Currency,32077.00
County,Campbell,2017,Currency,33042.00
County,Campbell,2018,Currency,33967.00
County,Campbell,2021,Currency,42471.00
County,Campbell,2019,Currency,35824.00
County,Campbell,2020,Currency,38706.00
County,Cannon,1997,Currency,18373.00
County,Cannon,1998,Currency,19336.00
County,Cannon,1999,Currency,20452.00
County,Cannon,2000,Currency,21590.00
County,Cannon,2001,Currency,22190.00
County,Cannon,2002,Currency,23924.00
County,Cannon,2003,Currency,25242.00
County,Cannon,2004,Currency,25176.00
County,Cannon,2005,Currency,26465.00
County,Cannon,2006,Currency,27596.00
County,Cannon,2007,Currency,27942.00
County,Cannon,2008,Currency,29411.00
County,Cannon,2009,Currency,28708.00
County,Cannon,2010,Currency,29927.00
County,Cannon,2011,Currency,30053.05
County,Cannon,2012,Currency,31584.06
County,Cannon,2013,Currency,32501.00
County,Cannon,2014,Currency,34218.00
County,Cannon,2015,Currency,33416.00
County,Cannon,2016,Currency,33597.00
County,Cannon,2017,Currency,35489.00
County,Cannon,2018,Currency,36113.00
County,Cannon,2021,Currency,44419.00
County,Cannon,2019,Currency,37663.00
County,Cannon,2020,Currency,40263.00
County,Carroll,1997,Currency,19229.00
County,Carroll,1998,Currency,19923.00
County,Carroll,1999,Currency,20283.00
County,Carroll,2000,Currency,21658.00
County,Carroll,2001,Currency,21038.00
County,Carroll,2002,Currency,22231.00
County,Carroll,2003,Currency,22542.00
County,Carroll,2004,Currency,22430.00
County,Carroll,2005,Currency,24187.00
County,Carroll,2006,Currency,25466.00
County,Carroll,2007,Currency,25825.00
County,Carroll,2008,Currency,28902.00
County,Carroll,2009,Currency,28216.00
County,Carroll,2010,Currency,29227.00
County,Carroll,2011,Currency,31753.99
County,Carroll,2012,Currency,33257.05
County,Carroll,2013,Currency,33856.00
County,Carroll,2014,Currency,33184.00
County,Carroll,2015,Currency,34865.00
County,Carroll,2016,Currency,35275.00
County,Carroll,2017,Currency,35572.00
County,Carroll,2018,Currency,35900.00
County,Carroll,2021,Currency,40502.00
County,Carroll,2019,Currency,36312.00
County,Carroll,2020,Currency,37686.00
County,Carter,1997,Currency,16189.00
County,Carter,1998,Currency,16868.00
County,Carter,1999,Currency,17439.00
County,Carter,2000,Currency,18199.00
County,Carter,2001,Currency,19017.00
County,Carter,2002,Currency,20233.00
County,Carter,2003,Currency,19980.00
County,Carter,2004,Currency,21235.00
County,Carter,2005,Currency,22021.00
County,Carter,2006,Currency,22703.00
County,Carter,2007,Currency,23987.00
County,Carter,2008,Currency,26119.00
County,Carter,2009,Currency,25640.00
County,Carter,2010,Currency,27108.00
County,Carter,2011,Currency,29180.91
County,Carter,2012,Currency,30023.89
County,Carter,2013,Currency,30544.00
County,Carter,2014,Currency,30588.00
County,Carter,2015,Currency,31407.00
County,Carter,2016,Currency,31973.00
County,Carter,2017,Currency,33506.00
County,Carter,2018,Currency,34579.00
County,Carter,2021,Currency,40739.00
County,Carter,2019,Currency,35153.00
County,Carter,2020,Currency,37632.00
County,Cheatham,1997,Currency,20294.00
County,Cheatham,1998,Currency,21602.00
County,Cheatham,1999,Currency,22660.00
County,Cheatham,2000,Currency,23934.00
County,Cheatham,2001,Currency,24752.00
County,Cheatham,2002,Currency,25956.00
County,Cheatham,2003,Currency,27401.00
County,Cheatham,2004,Currency,28154.00
County,Cheatham,2005,Currency,29466.00
County,Cheatham,2006,Currency,30884.00
County,Cheatham,2007,Currency,31870.00
County,Cheatham,2008,Currency,32577.00
County,Cheatham,2009,Currency,31498.00
County,Cheatham,2010,Currency,30950.00
County,Cheatham,2011,Currency,33363.33
County,Cheatham,2012,Currency,35387.99
County,Cheatham,2013,Currency,35594.00
County,Cheatham,2014,Currency,37122.00
County,Cheatham,2015,Currency,38177.00
County,Cheatham,2016,Currency,39469.00
County,Cheatham,2017,Currency,42250.00
County,Cheatham,2018,Currency,43932.00
County,Cheatham,2021,Currency,54069.00
County,Cheatham,2019,Currency,47099.00
County,Cheatham,2020,Currency,49389.00
County,Chester,1997,Currency,16317.00
County,Chester,1998,Currency,17122.00
County,Chester,1999,Currency,17923.00
County,Chester,2000,Currency,19107.00
County,Chester,2001,Currency,19664.00
County,Chester,2002,Currency,21366.00
County,Chester,2003,Currency,21691.00
County,Chester,2004,Currency,21746.00
County,Chester,2005,Currency,22849.00
County,Chester,2006,Currency,23700.00
County,Chester,2007,Currency,24580.00
County,Chester,2008,Currency,26796.00
County,Chester,2009,Currency,26442.00
County,Chester,2010,Currency,26679.00
County,Chester,2011,Currency,29289.06
County,Chester,2012,Currency,30623.72
County,Chester,2013,Currency,31718.00
County,Chester,2014,Currency,29417.00
County,Chester,2015,Currency,29701.00
County,Chester,2016,Currency,30506.00
County,Chester,2017,Currency,33194.00
County,Chester,2018,Currency,33642.00
County,Chester,2021,Currency,41568.00
County,Chester,2019,Currency,35315.00
County,Chester,2020,Currency,39057.00
County,Claiborne,1997,Currency,16989.00
County,Claiborne,1998,Currency,17441.00
County,Claiborne,1999,Currency,18489.00
County,Claiborne,2000,Currency,19171.00
County,Claiborne,2001,Currency,19754.00
County,Claiborne,2002,Currency,21082.00
County,Claiborne,2003,Currency,20520.00
County,Claiborne,2004,Currency,22103.00
County,Claiborne,2005,Currency,23218.00
County,Claiborne,2006,Currency,23949.00
County,Claiborne,2007,Currency,24534.00
County,Claiborne,2008,Currency,26336.00
County,Claiborne,2009,Currency,27092.00
County,Claiborne,2010,Currency,26810.00
County,Claiborne,2011,Currency,28265.13
County,Claiborne,2012,Currency,29594.33
County,Claiborne,2013,Currency,29883.00
County,Claiborne,2014,Currency,29879.00
County,Claiborne,2015,Currency,31161.00
County,Claiborne,2016,Currency,32048.00
County,Claiborne,2017,Currency,34635.00
County,Claiborne,2018,Currency,35384.00
County,Claiborne,2021,Currency,42542.00
County,Claiborne,2019,Currency,36464.00
County,Claiborne,2020,Currency,39045.00
County,Clay,1997,Currency,15175.00
County,Clay,1998,Currency,15831.00
County,Clay,1999,Currency,16281.00
County,Clay,2000,Currency,17756.00
County,Clay,2001,Currency,18181.00
County,Clay,2002,Currency,20220.00
County,Clay,2003,Currency,19511.00
County,Clay,2004,Currency,20412.00
County,Clay,2005,Currency,20622.00
County,Clay,2006,Currency,21825.00
County,Clay,2007,Currency,22273.00
County,Clay,2008,Currency,23808.00
County,Clay,2009,Currency,23272.00
County,Clay,2010,Currency,25449.00
County,Clay,2011,Currency,29184.96
County,Clay,2012,Currency,30230.08
County,Clay,2013,Currency,30476.00
County,Clay,2014,Currency,34471.00
County,Clay,2015,Currency,31431.00
County,Clay,2016,Currency,31434.00
County,Clay,2017,Currency,31134.00
County,Clay,2018,Currency,31013.00
County,Clay,2021,Currency,40338.00
County,Clay,2019,Currency,32550.00
County,Clay,2020,Currency,34540.00
County,Cocke,1997,Currency,15926.00
County,Cocke,1998,Currency,16784.00
County,Cocke,1999,Currency,17562.00
County,Cocke,2000,Currency,18255.00
County,Cocke,2001,Currency,18208.00
County,Cocke,2002,Currency,18777.00
County,Cocke,2003,Currency,18718.00
County,Cocke,2004,Currency,19116.00
County,Cocke,2005,Currency,19870.00
County,Cocke,2006,Currency,20629.00
County,Cocke,2007,Currency,21414.00
County,Cocke,2008,Currency,22961.00
County,Cocke,2009,Currency,23602.00
County,Cocke,2010,Currency,24742.00
County,Cocke,2011,Currency,25653.23
County,Cocke,2012,Currency,26728.71
County,Cocke,2013,Currency,27508.00
County,Cocke,2014,Currency,28236.00
County,Cocke,2015,Currency,29206.00
County,Cocke,2016,Currency,29976.00
County,Cocke,2017,Currency,31362.00
County,Cocke,2018,Currency,31942.00
County,Cocke,2021,Currency,40384.00
County,Cocke,2019,Currency,33984.00
County,Cocke,2020,Currency,37322.00
County,Coffee,1997,Currency,20848.00
County,Coffee,1998,Currency,21707.00
County,Coffee,1999,Currency,22178.00
County,Coffee,2000,Currency,23268.00
County,Coffee,2001,Currency,23516.00
County,Coffee,2002,Currency,24780.00
County,Coffee,2003,Currency,27033.00
County,Coffee,2004,Currency,27776.00
County,Coffee,2005,Currency,28716.00
County,Coffee,2006,Currency,29337.00
County,Coffee,2007,Currency,29697.00
County,Coffee,2008,Currency,31828.00
County,Coffee,2009,Currency,31918.00
County,Coffee,2010,Currency,31913.00
County,Coffee,2011,Currency,34596.25
County,Coffee,2012,Currency,36400.60
County,Coffee,2013,Currency,37260.00
County,Coffee,2014,Currency,37295.00
County,Coffee,2015,Currency,36679.00
County,Coffee,2016,Currency,37307.00
County,Coffee,2017,Currency,38205.00
County,Coffee,2018,Currency,38656.00
County,Coffee,2021,Currency,46299.00
County,Coffee,2019,Currency,41181.00
County,Coffee,2020,Currency,43805.00
County,Crockett,1997,Currency,19743.00
County,Crockett,1998,Currency,20154.00
County,Crockett,1999,Currency,21059.00
County,Crockett,2000,Currency,22043.00
County,Crockett,2001,Currency,21601.00
County,Crockett,2002,Currency,22613.00
County,Crockett,2003,Currency,23912.00
County,Crockett,2004,Currency,23085.00
County,Crockett,2005,Currency,24599.00
County,Crockett,2006,Currency,25727.00
County,Crockett,2007,Currency,25072.00
County,Crockett,2008,Currency,28985.00
County,Crockett,2009,Currency,29132.00
County,Crockett,2010,Currency,29336.00
County,Crockett,2011,Currency,33809.05
County,Crockett,2012,Currency,34872.10
County,Crockett,2013,Currency,37290.00
County,Crockett,2014,Currency,36472.00
County,Crockett,2015,Currency,35968.00
County,Crockett,2016,Currency,35543.00
County,Crockett,2017,Currency,35555.00
County,Crockett,2018,Currency,36560.00
County,Crockett,2021,Currency,49729.00
County,Crockett,2019,Currency,42303.00
County,Crockett,2020,Currency,44625.00
County,Cumberland,1997,Currency,18311.00
County,Cumberland,1998,Currency,19579.00
County,Cumberland,1999,Currency,20183.00
County,Cumberland,2000,Currency,21317.00
County,Cumberland,2001,Currency,21396.00
County,Cumberland,2002,Currency,22339.00
County,Cumberland,2003,Currency,22816.00
County,Cumberland,2004,Currency,23442.00
County,Cumberland,2005,Currency,24633.00
County,Cumberland,2006,Currency,25962.00
County,Cumberland,2007,Currency,27390.00
County,Cumberland,2008,Currency,28802.00
County,Cumberland,2009,Currency,28794.00
County,Cumberland,2010,Currency,27920.00
County,Cumberland,2011,Currency,30432.81
County,Cumberland,2012,Currency,31858.00
County,Cumberland,2013,Currency,32505.00
County,Cumberland,2014,Currency,33039.00
County,Cumberland,2015,Currency,33973.00
County,Cumberland,2016,Currency,34828.00
County,Cumberland,2017,Currency,36038.00
County,Cumberland,2018,Currency,36613.00
County,Cumberland,2021,Currency,44295.00
County,Cumberland,2019,Currency,39092.00
County,Cumberland,2020,Currency,41720.00
County,Davidson,1997,Currency,29180.00
County,Davidson,1998,Currency,31638.00
County,Davidson,1999,Currency,33336.00
County,Davidson,2000,Currency,35158.00
County,Davidson,2001,Currency,36394.00
County,Davidson,2002,Currency,35959.00
County,Davidson,2003,Currency,38297.00
County,Davidson,2004,Currency,39896.00
County,Davidson,2005,Currency,42192.00
County,Davidson,2006,Currency,42092.00
County,Davidson,2007,Currency,43394.00
County,Davidson,2008,Currency,44228.00
County,Davidson,2009,Currency,43457.00
County,Davidson,2010,Currency,45913.00
County,Davidson,2011,Currency,48734.72
County,Davidson,2012,Currency,51526.08
County,Davidson,2013,Currency,51245.00
County,Davidson,2014,Currency,54307.00
County,Davidson,2015,Currency,55411.00
County,Davidson,2016,Currency,58283.00
County,Davidson,2017,Currency,63063.00
County,Davidson,2018,Currency,66060.00
County,Davidson,2021,Currency,82087.00
County,Davidson,2019,Currency,71100.00
County,Davidson,2020,Currency,74857.00
County,Decatur,1997,Currency,17825.00
County,Decatur,1998,Currency,18478.00
County,Decatur,1999,Currency,19010.00
County,Decatur,2000,Currency,20669.00
County,Decatur,2001,Currency,20849.00
County,Decatur,2002,Currency,21749.00
County,Decatur,2003,Currency,23667.00
County,Decatur,2004,Currency,23852.00
County,Decatur,2005,Currency,25330.00
County,Decatur,2006,Currency,27195.00
County,Decatur,2007,Currency,28038.00
County,Decatur,2008,Currency,29560.00
County,Decatur,2009,Currency,29582.00
County,Decatur,2010,Currency,31265.00
County,Decatur,2011,Currency,33479.16
County,Decatur,2012,Currency,34797.59
County,Decatur,2013,Currency,35540.00
County,Decatur,2014,Currency,33878.00
County,Decatur,2015,Currency,34149.00
County,Decatur,2016,Currency,34411.00
County,Decatur,2017,Currency,41882.00
County,Decatur,2018,Currency,42639.00
County,Decatur,2021,Currency,48912.00
County,Decatur,2019,Currency,43581.00
County,Decatur,2020,Currency,45823.00
County,DeKalb,1997,Currency,18282.00
County,DeKalb,1998,Currency,18586.00
County,DeKalb,1999,Currency,19132.00
County,DeKalb,2000,Currency,20476.00
County,DeKalb,2001,Currency,21053.00
County,DeKalb,2002,Currency,21739.00
County,DeKalb,2003,Currency,22317.00
County,DeKalb,2004,Currency,23803.00
County,DeKalb,2005,Currency,25243.00
County,DeKalb,2006,Currency,25553.00
County,DeKalb,2007,Currency,26756.00
County,DeKalb,2008,Currency,27592.00
County,DeKalb,2009,Currency,27467.00
County,DeKalb,2010,Currency,29971.00
County,DeKalb,2011,Currency,30917.36
County,DeKalb,2012,Currency,32316.76
County,DeKalb,2013,Currency,32734.00
County,DeKalb,2014,Currency,32681.00
County,DeKalb,2015,Currency,33746.00
County,DeKalb,2016,Currency,34346.00
County,DeKalb,2017,Currency,38720.00
County,DeKalb,2018,Currency,40132.00
County,DeKalb,2021,Currency,47634.00
County,DeKalb,2019,Currency,41954.00
County,DeKalb,2020,Currency,44606.00
County,Dickson,1997,Currency,21371.00
County,Dickson,1998,Currency,22019.00
County,Dickson,1999,Currency,22914.00
County,Dickson,2000,Currency,23955.00
County,Dickson,2001,Currency,23691.00
County,Dickson,2002,Currency,23893.00
County,Dickson,2003,Currency,23661.00
County,Dickson,2004,Currency,25188.00
County,Dickson,2005,Currency,26509.00
County,Dickson,2006,Currency,27738.00
County,Dickson,2007,Currency,28658.00
County,Dickson,2008,Currency,30204.00
County,Dickson,2009,Currency,29377.00
County,Dickson,2010,Currency,29655.00
County,Dickson,2011,Currency,31213.59
County,Dickson,2012,Currency,32985.33
County,Dickson,2013,Currency,33039.00
County,Dickson,2014,Currency,33883.00
County,Dickson,2015,Currency,35952.00
County,Dickson,2016,Currency,36490.00
County,Dickson,2017,Currency,39055.00
County,Dickson,2018,Currency,40556.00
County,Dickson,2021,Currency,50218.00
County,Dickson,2019,Currency,43611.00
County,Dickson,2020,Currency,45932.00
County,Dyer,1997,Currency,20823.00
County,Dyer,1998,Currency,21152.00
County,Dyer,1999,Currency,21565.00
County,Dyer,2000,Currency,22474.00
County,Dyer,2001,Currency,22931.00
County,Dyer,2002,Currency,24124.00
County,Dyer,2003,Currency,25403.00
County,Dyer,2004,Currency,26206.00
County,Dyer,2005,Currency,27118.00
County,Dyer,2006,Currency,27778.00
County,Dyer,2007,Currency,28910.00
County,Dyer,2008,Currency,31481.00
County,Dyer,2009,Currency,31070.00
County,Dyer,2010,Currency,31136.00
County,Dyer,2011,Currency,33845.31
County,Dyer,2012,Currency,35273.41
County,Dyer,2013,Currency,37032.00
County,Dyer,2014,Currency,36918.00
County,Dyer,2015,Currency,38153.00
County,Dyer,2016,Currency,38195.00
County,Dyer,2017,Currency,39328.00
County,Dyer,2018,Currency,40642.00
County,Dyer,2021,Currency,51559.00
County,Dyer,2019,Currency,42418.00
County,Dyer,2020,Currency,46124.00
County,Fayette,1997,Currency,21639.00
County,Fayette,1998,Currency,22247.00
County,Fayette,1999,Currency,22746.00
County,Fayette,2000,Currency,23939.00
County,Fayette,2001,Currency,24494.00
County,Fayette,2002,Currency,26073.00
County,Fayette,2003,Currency,28326.00
County,Fayette,2004,Currency,27949.00
County,Fayette,2005,Currency,29856.00
County,Fayette,2006,Currency,31193.00
County,Fayette,2007,Currency,33247.00
County,Fayette,2008,Currency,36287.00
County,Fayette,2009,Currency,35223.00
County,Fayette,2010,Currency,41652.00
County,Fayette,2011,Currency,45018.15
County,Fayette,2012,Currency,48275.77
County,Fayette,2013,Currency,50988.00
County,Fayette,2014,Currency,50890.00
County,Fayette,2015,Currency,47649.00
County,Fayette,2016,Currency,50209.00
County,Fayette,2017,Currency,53942.00
County,Fayette,2018,Currency,55364.00
County,Fayette,2021,Currency,68153.00
County,Fayette,2019,Currency,58804.00
County,Fayette,2020,Currency,62949.00
County,Fentress,1997,Currency,16696.00
County,Fentress,1998,Currency,17198.00
County,Fentress,1999,Currency,17960.00
County,Fentress,2000,Currency,18990.00
County,Fentress,2001,Currency,19769.00
County,Fentress,2002,Currency,20388.00
County,Fentress,2003,Currency,19972.00
County,Fentress,2004,Currency,21845.00
County,Fentress,2005,Currency,22724.00
County,Fentress,2006,Currency,23555.00
County,Fentress,2007,Currency,24694.00
County,Fentress,2008,Currency,26154.00
County,Fentress,2009,Currency,26110.00
County,Fentress,2010,Currency,27347.00
County,Fentress,2011,Currency,27663.98
County,Fentress,2012,Currency,29324.78
County,Fentress,2013,Currency,31427.00
County,Fentress,2014,Currency,30894.00
County,Fentress,2015,Currency,29490.00
County,Fentress,2016,Currency,29676.00
County,Fentress,2017,Currency,31462.00
County,Fentress,2018,Currency,32232.00
County,Fentress,2021,Currency,40402.00
County,Fentress,2019,Currency,35093.00
County,Fentress,2020,Currency,37450.00
County,Franklin,1997,Currency,19020.00
County,Franklin,1998,Currency,19900.00
County,Franklin,1999,Currency,20336.00
County,Franklin,2000,Currency,21498.00
County,Franklin,2001,Currency,21730.00
County,Franklin,2002,Currency,22048.00
County,Franklin,2003,Currency,22349.00
County,Franklin,2004,Currency,23236.00
County,Franklin,2005,Currency,24312.00
County,Franklin,2006,Currency,25104.00
County,Franklin,2007,Currency,26449.00
County,Franklin,2008,Currency,27598.00
County,Franklin,2009,Currency,27722.00
County,Franklin,2010,Currency,28169.00
County,Franklin,2011,Currency,30760.77
County,Franklin,2012,Currency,32541.78
County,Franklin,2013,Currency,33513.00
County,Franklin,2014,Currency,34579.00
County,Franklin,2015,Currency,35757.00
County,Franklin,2016,Currency,36366.00
County,Franklin,2017,Currency,37556.00
County,Franklin,2018,Currency,38880.00
County,Franklin,2021,Currency,45975.00
County,Franklin,2019,Currency,40494.00
County,Franklin,2020,Currency,43348.00
County,Gibson,1997,Currency,20322.00
County,Gibson,1998,Currency,21039.00
County,Gibson,1999,Currency,21560.00
County,Gibson,2000,Currency,22710.00
County,Gibson,2001,Currency,22401.00
County,Gibson,2002,Currency,23063.00
County,Gibson,2003,Currency,24855.00
County,Gibson,2004,Currency,24729.00
County,Gibson,2005,Currency,25680.00
County,Gibson,2006,Currency,25833.00
County,Gibson,2007,Currency,26428.00
County,Gibson,2008,Currency,28780.00
County,Gibson,2009,Currency,28590.00
County,Gibson,2010,Currency,28946.00
County,Gibson,2011,Currency,31265.91
County,Gibson,2012,Currency,32438.95
County,Gibson,2013,Currency,33294.00
County,Gibson,2014,Currency,34595.00
County,Gibson,2015,Currency,36002.00
County,Gibson,2016,Currency,36898.00
County,Gibson,2017,Currency,37464.00
County,Gibson,2018,Currency,38654.00
County,Gibson,2021,Currency,46449.00
County,Gibson,2019,Currency,39164.00
County,Gibson,2020,Currency,42264.00
County,Giles,1997,Currency,20138.00
County,Giles,1998,Currency,21610.00
County,Giles,1999,Currency,22880.00
County,Giles,2000,Currency,23894.00
County,Giles,2001,Currency,23538.00
County,Giles,2002,Currency,23705.00
County,Giles,2003,Currency,24008.00
County,Giles,2004,Currency,23940.00
County,Giles,2005,Currency,25218.00
County,Giles,2006,Currency,25381.00
County,Giles,2007,Currency,26433.00
County,Giles,2008,Currency,28195.00
County,Giles,2009,Currency,28458.00
County,Giles,2010,Currency,28574.00
County,Giles,2011,Currency,30601.14
County,Giles,2012,Currency,32391.25
County,Giles,2013,Currency,34364.00
County,Giles,2014,Currency,35047.00
County,Giles,2015,Currency,36189.00
County,Giles,2016,Currency,37303.00
County,Giles,2017,Currency,38181.00
County,Giles,2018,Currency,38766.00
County,Giles,2021,Currency,43321.00
County,Giles,2019,Currency,38464.00
County,Giles,2020,Currency,40755.00
County,Grainger,1997,Currency,15668.00
County,Grainger,1998,Currency,16578.00
County,Grainger,1999,Currency,16741.00
County,Grainger,2000,Currency,17494.00
County,Grainger,2001,Currency,17271.00
County,Grainger,2002,Currency,20363.00
County,Grainger,2003,Currency,20071.00
County,Grainger,2004,Currency,20954.00
County,Grainger,2005,Currency,21817.00
County,Grainger,2006,Currency,22668.00
County,Grainger,2007,Currency,23579.00
County,Grainger,2008,Currency,25746.00
County,Grainger,2009,Currency,26091.00
County,Grainger,2010,Currency,27966.00
County,Grainger,2011,Currency,28704.31
County,Grainger,2012,Currency,29618.42
County,Grainger,2013,Currency,30558.00
County,Grainger,2014,Currency,29011.00
County,Grainger,2015,Currency,29623.00
County,Grainger,2016,Currency,30538.00
County,Grainger,2017,Currency,32317.00
County,Grainger,2018,Currency,33490.00
County,Grainger,2021,Currency,41569.00
County,Grainger,2019,Currency,35331.00
County,Grainger,2020,Currency,38242.00
County,Greene,1997,Currency,19226.00
County,Greene,1998,Currency,20897.00
County,Greene,1999,Currency,22042.00
County,Greene,2000,Currency,23366.00
County,Greene,2001,Currency,23817.00
County,Greene,2002,Currency,24275.00
County,Greene,2003,Currency,27148.00
County,Greene,2004,Currency,29365.00
County,Greene,2005,Currency,30371.00
County,Greene,2006,Currency,30539.00
County,Greene,2007,Currency,31490.00
County,Greene,2008,Currency,31993.00
County,Greene,2009,Currency,31476.00
County,Greene,2010,Currency,29700.00
County,Greene,2011,Currency,31957.04
County,Greene,2012,Currency,33051.59
County,Greene,2013,Currency,34324.00
County,Greene,2014,Currency,36098.00
County,Greene,2015,Currency,37622.00
County,Greene,2016,Currency,38067.00
County,Greene,2017,Currency,38967.00
County,Greene,2018,Currency,39971.00
County,Greene,2021,Currency,41796.00
County,Greene,2019,Currency,37107.00
County,Greene,2020,Currency,39047.00
County,Grundy,1997,Currency,16037.00
County,Grundy,1998,Currency,16414.00
County,Grundy,1999,Currency,17303.00
County,Grundy,2000,Currency,18428.00
County,Grundy,2001,Currency,20116.00
County,Grundy,2002,Currency,19611.00
County,Grundy,2003,Currency,19775.00
County,Grundy,2004,Currency,20593.00
County,Grundy,2005,Currency,21459.00
County,Grundy,2006,Currency,22208.00
County,Grundy,2007,Currency,22313.00
County,Grundy,2008,Currency,22980.00
County,Grundy,2009,Currency,23644.00
County,Grundy,2010,Currency,24751.00
County,Grundy,2011,Currency,26222.41
County,Grundy,2012,Currency,26700.78
County,Grundy,2013,Currency,28170.00
County,Grundy,2014,Currency,27927.00
County,Grundy,2015,Currency,28975.00
County,Grundy,2016,Currency,29275.00
County,Grundy,2017,Currency,30407.00
County,Grundy,2018,Currency,31011.00
County,Grundy,2021,Currency,39349.00
County,Grundy,2019,Currency,33628.00
County,Grundy,2020,Currency,36609.00
County,Hamblen,1997,Currency,20791.00
County,Hamblen,1998,Currency,21779.00
County,Hamblen,1999,Currency,22853.00
County,Hamblen,2000,Currency,24208.00
County,Hamblen,2001,Currency,24710.00
County,Hamblen,2002,Currency,24747.00
County,Hamblen,2003,Currency,25012.00
County,Hamblen,2004,Currency,25673.00
County,Hamblen,2005,Currency,26204.00
County,Hamblen,2006,Currency,26338.00
County,Hamblen,2007,Currency,27007.00
County,Hamblen,2008,Currency,28274.00
County,Hamblen,2009,Currency,28579.00
County,Hamblen,2010,Currency,28935.00
County,Hamblen,2011,Currency,31065.91
County,Hamblen,2012,Currency,32113.48
County,Hamblen,2013,Currency,31716.00
County,Hamblen,2014,Currency,32328.00
County,Hamblen,2015,Currency,34696.00
County,Hamblen,2016,Currency,35780.00
County,Hamblen,2017,Currency,36017.00
County,Hamblen,2018,Currency,36636.00
County,Hamblen,2021,Currency,45234.00
County,Hamblen,2019,Currency,38554.00
County,Hamblen,2020,Currency,41810.00
County,Hamilton,1997,Currency,25899.00
County,Hamilton,1998,Currency,27233.00
County,Hamilton,1999,Currency,28851.00
County,Hamilton,2000,Currency,30393.00
County,Hamilton,2001,Currency,30130.00
County,Hamilton,2002,Currency,30572.00
County,Hamilton,2003,Currency,32009.00
County,Hamilton,2004,Currency,33239.00
County,Hamilton,2005,Currency,34799.00
County,Hamilton,2006,Currency,35027.00
County,Hamilton,2007,Currency,36943.00
County,Hamilton,2008,Currency,38460.00
County,Hamilton,2009,Currency,36971.00
County,Hamilton,2010,Currency,38368.00
County,Hamilton,2011,Currency,39841.01
County,Hamilton,2012,Currency,41199.58
County,Hamilton,2013,Currency,42352.00
County,Hamilton,2014,Currency,44112.00
County,Hamilton,2015,Currency,46460.00
County,Hamilton,2016,Currency,48053.00
County,Hamilton,2017,Currency,50196.00
County,Hamilton,2018,Currency,51743.00
County,Hamilton,2021,Currency,60089.00
County,Hamilton,2019,Currency,54475.00
County,Hamilton,2020,Currency,56545.00
County,Hancock,1997,Currency,12517.00
County,Hancock,1998,Currency,12709.00
County,Hancock,1999,Currency,13228.00
County,Hancock,2000,Currency,13619.00
County,Hancock,2001,Currency,13418.00
County,Hancock,2002,Currency,14758.00
County,Hancock,2003,Currency,14447.00
County,Hancock,2004,Currency,14902.00
County,Hancock,2005,Currency,15526.00
County,Hancock,2006,Currency,15795.00
County,Hancock,2007,Currency,15967.00
County,Hancock,2008,Currency,18365.00
County,Hancock,2009,Currency,19186.00
County,Hancock,2010,Currency,19465.00
County,Hancock,2011,Currency,20688.23
County,Hancock,2012,Currency,21363.05
County,Hancock,2013,Currency,21970.00
County,Hancock,2014,Currency,23104.00
County,Hancock,2015,Currency,23733.00
County,Hancock,2016,Currency,24256.00
County,Hancock,2017,Currency,26422.00
County,Hancock,2018,Currency,27042.00
County,Hancock,2021,Currency,34135.00
County,Hancock,2019,Currency,28021.00
County,Hancock,2020,Currency,31325.00
County,Hardeman,1997,Currency,14885.00
County,Hardeman,1998,Currency,14869.00
County,Hardeman,1999,Currency,15135.00
County,Hardeman,2000,Currency,16247.00
County,Hardeman,2001,Currency,15721.00
County,Hardeman,2002,Currency,18010.00
County,Hardeman,2003,Currency,18813.00
County,Hardeman,2004,Currency,19475.00
County,Hardeman,2005,Currency,20500.00
County,Hardeman,2006,Currency,21538.00
County,Hardeman,2007,Currency,22695.00
County,Hardeman,2008,Currency,24901.00
County,Hardeman,2009,Currency,25061.00
County,Hardeman,2010,Currency,25007.00
County,Hardeman,2011,Currency,26421.46
County,Hardeman,2012,Currency,27819.97
County,Hardeman,2013,Currency,29082.00
County,Hardeman,2014,Currency,27011.00
County,Hardeman,2015,Currency,27400.00
County,Hardeman,2016,Currency,28296.00
County,Hardeman,2017,Currency,28730.00
County,Hardeman,2018,Currency,29430.00
County,Hardeman,2021,Currency,35485.00
County,Hardeman,2019,Currency,30266.00
County,Hardeman,2020,Currency,32742.00
County,Hardin,1997,Currency,18216.00
County,Hardin,1998,Currency,19684.00
County,Hardin,1999,Currency,20276.00
County,Hardin,2000,Currency,21094.00
County,Hardin,2001,Currency,21447.00
County,Hardin,2002,Currency,22431.00
County,Hardin,2003,Currency,22536.00
County,Hardin,2004,Currency,24124.00
County,Hardin,2005,Currency,25315.00
County,Hardin,2006,Currency,25733.00
County,Hardin,2007,Currency,26623.00
County,Hardin,2008,Currency,28889.00
County,Hardin,2009,Currency,29225.00
County,Hardin,2010,Currency,30649.00
County,Hardin,2011,Currency,34154.86
County,Hardin,2012,Currency,35399.95
County,Hardin,2013,Currency,36203.00
County,Hardin,2014,Currency,35383.00
County,Hardin,2015,Currency,34499.00
County,Hardin,2016,Currency,36150.00
County,Hardin,2017,Currency,38149.00
County,Hardin,2018,Currency,39387.00
County,Hardin,2021,Currency,45053.00
County,Hardin,2019,Currency,39199.00
County,Hardin,2020,Currency,42352.00
County,Hawkins,1997,Currency,17624.00
County,Hawkins,1998,Currency,17958.00
County,Hawkins,1999,Currency,18252.00
County,Hawkins,2000,Currency,19355.00
County,Hawkins,2001,Currency,20066.00
County,Hawkins,2002,Currency,21564.00
County,Hawkins,2003,Currency,21514.00
County,Hawkins,2004,Currency,22595.00
County,Hawkins,2005,Currency,23450.00
County,Hawkins,2006,Currency,24206.00
County,Hawkins,2007,Currency,25023.00
County,Hawkins,2008,Currency,26445.00
County,Hawkins,2009,Currency,26572.00
County,Hawkins,2010,Currency,26860.00
County,Hawkins,2011,Currency,29128.01
County,Hawkins,2012,Currency,30008.70
County,Hawkins,2013,Currency,30521.00
County,Hawkins,2014,Currency,29830.00
County,Hawkins,2015,Currency,31391.00
County,Hawkins,2016,Currency,32030.00
County,Hawkins,2017,Currency,33439.00
County,Hawkins,2018,Currency,34188.00
County,Hawkins,2021,Currency,41436.00
County,Hawkins,2019,Currency,35369.00
County,Hawkins,2020,Currency,38232.00
County,Haywood,1997,Currency,17857.00
County,Haywood,1998,Currency,18655.00
County,Haywood,1999,Currency,19043.00
County,Haywood,2000,Currency,19757.00
County,Haywood,2001,Currency,19360.00
County,Haywood,2002,Currency,20292.00
County,Haywood,2003,Currency,21633.00
County,Haywood,2004,Currency,21737.00
County,Haywood,2005,Currency,23141.00
County,Haywood,2006,Currency,24694.00
County,Haywood,2007,Currency,24126.00
County,Haywood,2008,Currency,28177.00
County,Haywood,2009,Currency,30679.00
County,Haywood,2010,Currency,30914.00
County,Haywood,2011,Currency,32352.78
County,Haywood,2012,Currency,34613.35
County,Haywood,2013,Currency,36970.00
County,Haywood,2014,Currency,29707.00
County,Haywood,2015,Currency,28546.00
County,Haywood,2016,Currency,30274.00
County,Haywood,2017,Currency,31794.00
County,Haywood,2018,Currency,32023.00
County,Haywood,2021,Currency,41503.00
County,Haywood,2019,Currency,33721.00
County,Haywood,2020,Currency,36712.00
County,Henderson,1997,Currency,19399.00
County,Henderson,1998,Currency,19659.00
County,Henderson,1999,Currency,20029.00
County,Henderson,2000,Currency,21469.00
County,Henderson,2001,Currency,20977.00
County,Henderson,2002,Currency,22138.00
County,Henderson,2003,Currency,22513.00
County,Henderson,2004,Currency,23388.00
County,Henderson,2005,Currency,24073.00
County,Henderson,2006,Currency,24350.00
County,Henderson,2007,Currency,24624.00
County,Henderson,2008,Currency,25842.00
County,Henderson,2009,Currency,25623.00
County,Henderson,2010,Currency,25688.00
County,Henderson,2011,Currency,27791.51
County,Henderson,2012,Currency,29066.29
County,Henderson,2013,Currency,29125.00
County,Henderson,2014,Currency,30916.00
County,Henderson,2015,Currency,32503.00
County,Henderson,2016,Currency,33476.00
County,Henderson,2017,Currency,34453.00
County,Henderson,2018,Currency,35748.00
County,Henderson,2021,Currency,44357.00
County,Henderson,2019,Currency,37644.00
County,Henderson,2020,Currency,40776.00
County,Henry,1997,Currency,20082.00
County,Henry,1998,Currency,20957.00
County,Henry,1999,Currency,21187.00
County,Henry,2000,Currency,22574.00
County,Henry,2001,Currency,22475.00
County,Henry,2002,Currency,23279.00
County,Henry,2003,Currency,22713.00
County,Henry,2004,Currency,24278.00
County,Henry,2005,Currency,25383.00
County,Henry,2006,Currency,25880.00
County,Henry,2007,Currency,26482.00
County,Henry,2008,Currency,28490.00
County,Henry,2009,Currency,28990.00
County,Henry,2010,Currency,28949.00
County,Henry,2011,Currency,32033.31
County,Henry,2012,Currency,32983.25
County,Henry,2013,Currency,36706.00
County,Henry,2014,Currency,36345.00
County,Henry,2015,Currency,37891.00
County,Henry,2016,Currency,38593.00
County,Henry,2017,Currency,40839.00
County,Henry,2018,Currency,41989.00
County,Henry,2021,Currency,49852.00
County,Henry,2019,Currency,42710.00
County,Henry,2020,Currency,46773.00
County,Hickman,1997,Currency,16801.00
County,Hickman,1998,Currency,17022.00
County,Hickman,1999,Currency,17223.00
County,Hickman,2000,Currency,18180.00
County,Hickman,2001,Currency,18106.00
County,Hickman,2002,Currency,18083.00
County,Hickman,2003,Currency,18166.00
County,Hickman,2004,Currency,19245.00
County,Hickman,2005,Currency,20414.00
County,Hickman,2006,Currency,21450.00
County,Hickman,2007,Currency,22425.00
County,Hickman,2008,Currency,23765.00
County,Hickman,2009,Currency,23584.00
County,Hickman,2010,Currency,23266.00
County,Hickman,2011,Currency,24899.38
County,Hickman,2012,Currency,26326.16
County,Hickman,2013,Currency,26313.00
County,Hickman,2014,Currency,26982.00
County,Hickman,2015,Currency,29238.00
County,Hickman,2016,Currency,30069.00
County,Hickman,2017,Currency,31460.00
County,Hickman,2018,Currency,32780.00
County,Hickman,2021,Currency,41689.00
County,Hickman,2019,Currency,35945.00
County,Hickman,2020,Currency,37869.00
County,Houston,1997,Currency,15019.00
County,Houston,1998,Currency,15872.00
County,Houston,1999,Currency,16088.00
County,Houston,2000,Currency,17587.00
County,Houston,2001,Currency,17622.00
County,Houston,2002,Currency,20743.00
County,Houston,2003,Currency,20956.00
County,Houston,2004,Currency,22379.00
County,Houston,2005,Currency,23718.00
County,Houston,2006,Currency,24301.00
County,Houston,2007,Currency,24585.00
County,Houston,2008,Currency,26011.00
County,Houston,2009,Currency,26689.00
County,Houston,2010,Currency,26455.00
County,Houston,2011,Currency,30668.63
County,Houston,2012,Currency,31316.54
County,Houston,2013,Currency,31456.00
County,Houston,2014,Currency,31728.00
County,Houston,2015,Currency,31624.00
County,Houston,2016,Currency,31806.00
County,Houston,2017,Currency,32297.00
County,Houston,2018,Currency,32822.00
County,Houston,2021,Currency,39128.00
County,Houston,2019,Currency,34415.00
County,Houston,2020,Currency,36475.00
County,Humphreys,1997,Currency,17287.00
County,Humphreys,1998,Currency,17936.00
County,Humphreys,1999,Currency,18581.00
County,Humphreys,2000,Currency,19917.00
County,Humphreys,2001,Currency,20071.00
County,Humphreys,2002,Currency,22396.00
County,Humphreys,2003,Currency,22617.00
County,Humphreys,2004,Currency,24192.00
County,Humphreys,2005,Currency,25546.00
County,Humphreys,2006,Currency,26780.00
County,Humphreys,2007,Currency,27803.00
County,Humphreys,2008,Currency,28727.00
County,Humphreys,2009,Currency,28784.00
County,Humphreys,2010,Currency,30551.00
County,Humphreys,2011,Currency,32157.25
County,Humphreys,2012,Currency,33776.74
County,Humphreys,2013,Currency,35345.00
County,Humphreys,2014,Currency,34278.00
County,Humphreys,2015,Currency,36082.00
County,Humphreys,2016,Currency,36179.00
County,Humphreys,2017,Currency,38686.00
County,Humphreys,2018,Currency,38665.00
County,Humphreys,2021,Currency,44127.00
County,Humphreys,2019,Currency,39322.00
County,Humphreys,2020,Currency,41538.00
County,Jackson,1997,Currency,16662.00
County,Jackson,1998,Currency,17686.00
County,Jackson,1999,Currency,18213.00
County,Jackson,2000,Currency,19195.00
County,Jackson,2001,Currency,19963.00
County,Jackson,2002,Currency,20578.00
County,Jackson,2003,Currency,22180.00
County,Jackson,2004,Currency,22406.00
County,Jackson,2005,Currency,23406.00
County,Jackson,2006,Currency,24215.00
County,Jackson,2007,Currency,25332.00
County,Jackson,2008,Currency,27716.00
County,Jackson,2009,Currency,26735.00
County,Jackson,2010,Currency,29934.00
County,Jackson,2011,Currency,31125.73
County,Jackson,2012,Currency,32158.62
County,Jackson,2013,Currency,33807.00
County,Jackson,2014,Currency,34379.00
County,Jackson,2015,Currency,28256.00
County,Jackson,2016,Currency,28273.00
County,Jackson,2017,Currency,30370.00
County,Jackson,2018,Currency,31189.00
County,Jackson,2021,Currency,38953.00
County,Jackson,2019,Currency,33366.00
County,Jackson,2020,Currency,36084.00
County,Jefferson,1997,Currency,17897.00
County,Jefferson,1998,Currency,18691.00
County,Jefferson,1999,Currency,19033.00
County,Jefferson,2000,Currency,20331.00
County,Jefferson,2001,Currency,20829.00
County,Jefferson,2002,Currency,21742.00
County,Jefferson,2003,Currency,21690.00
County,Jefferson,2004,Currency,22521.00
County,Jefferson,2005,Currency,23497.00
County,Jefferson,2006,Currency,24457.00
County,Jefferson,2007,Currency,25200.00
County,Jefferson,2008,Currency,27108.00
County,Jefferson,2009,Currency,26965.00
County,Jefferson,2010,Currency,27680.00
County,Jefferson,2011,Currency,28814.58
County,Jefferson,2012,Currency,29494.22
County,Jefferson,2013,Currency,30193.00
County,Jefferson,2014,Currency,30715.00
County,Jefferson,2015,Currency,31994.00
County,Jefferson,2016,Currency,32936.00
County,Jefferson,2017,Currency,34362.00
County,Jefferson,2018,Currency,35866.00
County,Jefferson,2021,Currency,44330.00
County,Jefferson,2019,Currency,38765.00
County,Jefferson,2020,Currency,41324.00
County,Johnson,1997,Currency,12849.00
County,Johnson,1998,Currency,13442.00
County,Johnson,1999,Currency,13877.00
County,Johnson,2000,Currency,14527.00
County,Johnson,2001,Currency,14463.00
County,Johnson,2002,Currency,16269.00
County,Johnson,2003,Currency,16380.00
County,Johnson,2004,Currency,17942.00
County,Johnson,2005,Currency,18813.00
County,Johnson,2006,Currency,19680.00
County,Johnson,2007,Currency,20785.00
County,Johnson,2008,Currency,21646.00
County,Johnson,2009,Currency,22459.00
County,Johnson,2010,Currency,23435.00
County,Johnson,2011,Currency,24819.80
County,Johnson,2012,Currency,26029.63
County,Johnson,2013,Currency,27077.00
County,Johnson,2014,Currency,28837.00
County,Johnson,2015,Currency,30543.00
County,Johnson,2016,Currency,32024.00
County,Johnson,2017,Currency,31464.00
County,Johnson,2018,Currency,32249.00
County,Johnson,2021,Currency,37936.00
County,Johnson,2019,Currency,33282.00
County,Johnson,2020,Currency,35623.00
County,Knox,1997,Currency,24559.00
County,Knox,1998,Currency,26092.00
County,Knox,1999,Currency,26749.00
County,Knox,2000,Currency,28440.00
County,Knox,2001,Currency,29426.00
County,Knox,2002,Currency,30327.00
County,Knox,2003,Currency,30265.00
County,Knox,2004,Currency,31417.00
County,Knox,2005,Currency,32815.00
County,Knox,2006,Currency,33963.00
County,Knox,2007,Currency,35491.00
County,Knox,2008,Currency,36342.00
County,Knox,2009,Currency,35278.00
County,Knox,2010,Currency,37148.00
County,Knox,2011,Currency,39551.40
County,Knox,2012,Currency,41127.44
County,Knox,2013,Currency,41533.00
County,Knox,2014,Currency,43012.00
County,Knox,2015,Currency,44849.00
County,Knox,2016,Currency,46305.00
County,Knox,2017,Currency,48160.00
County,Knox,2018,Currency,49738.00
County,Knox,2021,Currency,59934.00
County,Knox,2019,Currency,52753.00
County,Knox,2020,Currency,56206.00
County,Lake,1997,Currency,11969.00
County,Lake,1998,Currency,11734.00
County,Lake,1999,Currency,12601.00
County,Lake,2000,Currency,12783.00
County,Lake,2001,Currency,13306.00
County,Lake,2002,Currency,13369.00
County,Lake,2003,Currency,14955.00
County,Lake,2004,Currency,15578.00
County,Lake,2005,Currency,16744.00
County,Lake,2006,Currency,17085.00
County,Lake,2007,Currency,17826.00
County,Lake,2008,Currency,20745.00
County,Lake,2009,Currency,20150.00
County,Lake,2010,Currency,19523.00
County,Lake,2011,Currency,21753.67
County,Lake,2012,Currency,22814.78
County,Lake,2013,Currency,24152.00
County,Lake,2014,Currency,23582.00
County,Lake,2015,Currency,24256.00
County,Lake,2016,Currency,23894.00
County,Lake,2017,Currency,23175.00
County,Lake,2018,Currency,23230.00
County,Lake,2021,Currency,29534.00
County,Lake,2019,Currency,24802.00
County,Lake,2020,Currency,26127.00
County,Lauderdale,1997,Currency,15957.00
County,Lauderdale,1998,Currency,15933.00
County,Lauderdale,1999,Currency,16299.00
County,Lauderdale,2000,Currency,16395.00
County,Lauderdale,2001,Currency,15522.00
County,Lauderdale,2002,Currency,17784.00
County,Lauderdale,2003,Currency,18743.00
County,Lauderdale,2004,Currency,18237.00
County,Lauderdale,2005,Currency,19291.00
County,Lauderdale,2006,Currency,20248.00
County,Lauderdale,2007,Currency,20703.00
County,Lauderdale,2008,Currency,22581.00
County,Lauderdale,2009,Currency,22824.00
County,Lauderdale,2010,Currency,21932.00
County,Lauderdale,2011,Currency,23327.18
County,Lauderdale,2012,Currency,24726.08
County,Lauderdale,2013,Currency,24945.00
County,Lauderdale,2014,Currency,25468.00
County,Lauderdale,2015,Currency,26617.00
County,Lauderdale,2016,Currency,26994.00
County,Lauderdale,2017,Currency,28141.00
County,Lauderdale,2018,Currency,29187.00
County,Lauderdale,2021,Currency,39733.00
County,Lauderdale,2019,Currency,32784.00
County,Lauderdale,2020,Currency,36121.00
County,Lawrence,1997,Currency,18854.00
County,Lawrence,1998,Currency,19188.00
County,Lawrence,1999,Currency,19466.00
County,Lawrence,2000,Currency,20144.00
County,Lawrence,2001,Currency,20979.00
County,Lawrence,2002,Currency,21200.00
County,Lawrence,2003,Currency,21991.00
County,Lawrence,2004,Currency,22237.00
County,Lawrence,2005,Currency,22450.00
County,Lawrence,2006,Currency,22400.00
County,Lawrence,2007,Currency,22754.00
County,Lawrence,2008,Currency,25066.00
County,Lawrence,2009,Currency,24898.00
County,Lawrence,2010,Currency,24781.00
County,Lawrence,2011,Currency,26399.00
County,Lawrence,2012,Currency,27377.16
County,Lawrence,2013,Currency,28715.00
County,Lawrence,2014,Currency,29950.00
County,Lawrence,2015,Currency,31919.00
County,Lawrence,2016,Currency,31868.00
County,Lawrence,2017,Currency,33845.00
County,Lawrence,2018,Currency,35252.00
County,Lawrence,2021,Currency,41310.00
County,Lawrence,2019,Currency,35784.00
County,Lawrence,2020,Currency,37678.00
County,Lewis,1997,Currency,15327.00
County,Lewis,1998,Currency,15909.00
County,Lewis,1999,Currency,16090.00
County,Lewis,2000,Currency,16808.00
County,Lewis,2001,Currency,16654.00
County,Lewis,2002,Currency,19138.00
County,Lewis,2003,Currency,18820.00
County,Lewis,2004,Currency,19754.00
County,Lewis,2005,Currency,20564.00
County,Lewis,2006,Currency,21339.00
County,Lewis,2007,Currency,21977.00
County,Lewis,2008,Currency,23745.00
County,Lewis,2009,Currency,23712.00
County,Lewis,2010,Currency,23037.00
County,Lewis,2011,Currency,24835.13
County,Lewis,2012,Currency,26301.40
County,Lewis,2013,Currency,27318.00
County,Lewis,2014,Currency,28071.00
County,Lewis,2015,Currency,29359.00
County,Lewis,2016,Currency,30567.00
County,Lewis,2017,Currency,33294.00
County,Lewis,2018,Currency,34432.00
County,Lewis,2021,Currency,41476.00
County,Lewis,2019,Currency,36069.00
County,Lewis,2020,Currency,39399.00
County,Lincoln,1997,Currency,18372.00
County,Lincoln,1998,Currency,19029.00
County,Lincoln,1999,Currency,19861.00
County,Lincoln,2000,Currency,21006.00
County,Lincoln,2001,Currency,21051.00
County,Lincoln,2002,Currency,23521.00
County,Lincoln,2003,Currency,24228.00
County,Lincoln,2004,Currency,24974.00
County,Lincoln,2005,Currency,26478.00
County,Lincoln,2006,Currency,27302.00
County,Lincoln,2007,Currency,28477.00
County,Lincoln,2008,Currency,29156.00
County,Lincoln,2009,Currency,29726.00
County,Lincoln,2010,Currency,30853.00
County,Lincoln,2011,Currency,33092.43
County,Lincoln,2012,Currency,34305.46
County,Lincoln,2013,Currency,34996.00
County,Lincoln,2014,Currency,35789.00
County,Lincoln,2015,Currency,37279.00
County,Lincoln,2016,Currency,37660.00
County,Lincoln,2017,Currency,40431.00
County,Lincoln,2018,Currency,41388.00
County,Lincoln,2021,Currency,48683.00
County,Lincoln,2019,Currency,41767.00
County,Lincoln,2020,Currency,44963.00
County,Loudon,1997,Currency,22227.00
County,Loudon,1998,Currency,23301.00
County,Loudon,1999,Currency,24144.00
County,Loudon,2000,Currency,25946.00
County,Loudon,2001,Currency,26257.00
County,Loudon,2002,Currency,26212.00
County,Loudon,2003,Currency,27286.00
County,Loudon,2004,Currency,29554.00
County,Loudon,2005,Currency,30538.00
County,Loudon,2006,Currency,32715.00
County,Loudon,2007,Currency,33543.00
County,Loudon,2008,Currency,35546.00
County,Loudon,2009,Currency,34888.00
County,Loudon,2010,Currency,35875.00
County,Loudon,2011,Currency,37643.79
County,Loudon,2012,Currency,38304.20
County,Loudon,2013,Currency,39561.00
County,Loudon,2014,Currency,40084.00
County,Loudon,2015,Currency,42971.00
County,Loudon,2016,Currency,43868.00
County,Loudon,2017,Currency,46183.00
County,Loudon,2018,Currency,48491.00
County,Loudon,2021,Currency,60642.00
County,Loudon,2019,Currency,54449.00
County,Loudon,2020,Currency,57594.00
County,Macon,1997,Currency,15713.00
County,Macon,1998,Currency,16170.00
County,Macon,1999,Currency,16256.00
County,Macon,2000,Currency,17998.00
County,Macon,2001,Currency,17902.00
County,Macon,2002,Currency,21262.00
County,Macon,2003,Currency,20980.00
County,Macon,2004,Currency,23407.00
County,Macon,2005,Currency,24528.00
County,Macon,2006,Currency,24505.00
County,Macon,2007,Currency,24937.00
County,Macon,2008,Currency,26323.00
County,Macon,2009,Currency,25608.00
County,Macon,2010,Currency,27230.00
County,Macon,2011,Currency,28763.19
County,Macon,2012,Currency,31070.94
County,Macon,2013,Currency,30978.00
County,Macon,2014,Currency,29651.00
County,Macon,2015,Currency,30845.00
County,Macon,2016,Currency,30401.00
County,Macon,2017,Currency,33041.00
County,Macon,2018,Currency,33297.00
County,Macon,2021,Currency,39669.00
County,Macon,2019,Currency,33618.00
County,Macon,2020,Currency,35659.00
County,Madison,1997,Currency,22743.00
County,Madison,1998,Currency,23957.00
County,Madison,1999,Currency,24725.00
County,Madison,2000,Currency,26084.00
County,Madison,2001,Currency,25527.00
County,Madison,2002,Currency,25983.00
County,Madison,2003,Currency,26969.00
County,Madison,2004,Currency,24298.00
County,Madison,2005,Currency,25488.00
County,Madison,2006,Currency,29959.00
County,Madison,2007,Currency,31112.00
County,Madison,2008,Currency,33408.00
County,Madison,2009,Currency,33023.00
County,Madison,2010,Currency,33322.00
County,Madison,2011,Currency,36499.92
County,Madison,2012,Currency,38057.27
County,Madison,2013,Currency,38998.00
County,Madison,2014,Currency,37571.00
County,Madison,2015,Currency,38288.00
County,Madison,2016,Currency,40101.00
County,Madison,2017,Currency,41430.00
County,Madison,2018,Currency,42720.00
County,Madison,2021,Currency,51004.00
County,Madison,2019,Currency,43975.00
County,Madison,2020,Currency,47357.00
County,Marion,1997,Currency,18641.00
County,Marion,1998,Currency,19255.00
County,Marion,1999,Currency,20298.00
County,Marion,2000,Currency,21606.00
County,Marion,2001,Currency,21608.00
County,Marion,2002,Currency,22496.00
County,Marion,2003,Currency,22427.00
County,Marion,2004,Currency,22618.00
County,Marion,2005,Currency,23561.00
County,Marion,2006,Currency,27069.00
County,Marion,2007,Currency,28590.00
County,Marion,2008,Currency,30050.00
County,Marion,2009,Currency,29715.00
County,Marion,2010,Currency,30797.00
County,Marion,2011,Currency,31065.16
County,Marion,2012,Currency,32231.40
County,Marion,2013,Currency,32746.00
County,Marion,2014,Currency,33252.00
County,Marion,2015,Currency,34388.00
County,Marion,2016,Currency,35307.00
County,Marion,2017,Currency,37473.00
County,Marion,2018,Currency,38450.00
County,Marion,2021,Currency,46559.00
County,Marion,2019,Currency,40301.00
County,Marion,2020,Currency,43088.00
County,Marshall,1997,Currency,21015.00
County,Marshall,1998,Currency,21576.00
County,Marshall,1999,Currency,23209.00
County,Marshall,2000,Currency,24218.00
County,Marshall,2001,Currency,23927.00
County,Marshall,2002,Currency,25524.00
County,Marshall,2003,Currency,24588.00
County,Marshall,2004,Currency,28190.00
County,Marshall,2005,Currency,29459.00
County,Marshall,2006,Currency,25008.00
County,Marshall,2007,Currency,24569.00
County,Marshall,2008,Currency,26063.00
County,Marshall,2009,Currency,25299.00
County,Marshall,2010,Currency,25183.00
County,Marshall,2011,Currency,25503.53
County,Marshall,2012,Currency,27053.73
County,Marshall,2013,Currency,27825.00
County,Marshall,2014,Currency,32369.00
County,Marshall,2015,Currency,33513.00
County,Marshall,2016,Currency,34075.00
County,Marshall,2017,Currency,36759.00
County,Marshall,2018,Currency,37550.00
County,Marshall,2021,Currency,47446.00
County,Marshall,2019,Currency,40704.00
County,Marshall,2020,Currency,43516.00
County,Maury,1997,Currency,20586.00
County,Maury,1998,Currency,21417.00
County,Maury,1999,Currency,22337.00
County,Maury,2000,Currency,23489.00
County,Maury,2001,Currency,22882.00
County,Maury,2002,Currency,26562.00
County,Maury,2003,Currency,28597.00
County,Maury,2004,Currency,24292.00
County,Maury,2005,Currency,25432.00
County,Maury,2006,Currency,29046.00
County,Maury,2007,Currency,27809.00
County,Maury,2008,Currency,29430.00
County,Maury,2009,Currency,28415.00
County,Maury,2010,Currency,30114.00
County,Maury,2011,Currency,31646.99
County,Maury,2012,Currency,33135.28
County,Maury,2013,Currency,33464.00
County,Maury,2014,Currency,36646.00
County,Maury,2015,Currency,37947.00
County,Maury,2016,Currency,38207.00
County,Maury,2017,Currency,41302.00
County,Maury,2018,Currency,42696.00
County,Maury,2021,Currency,52041.00
County,Maury,2019,Currency,45199.00
County,Maury,2020,Currency,48017.00
County,McMinn,1997,Currency,17912.00
County,McMinn,1998,Currency,18719.00
County,McMinn,1999,Currency,19371.00
County,McMinn,2000,Currency,19982.00
County,McMinn,2001,Currency,20354.00
County,McMinn,2002,Currency,21407.00
County,McMinn,2003,Currency,22355.00
County,McMinn,2004,Currency,24396.00
County,McMinn,2005,Currency,24844.00
County,McMinn,2006,Currency,25565.00
County,McMinn,2007,Currency,26238.00
County,McMinn,2008,Currency,26675.00
County,McMinn,2009,Currency,26787.00
County,McMinn,2010,Currency,27568.00
County,McMinn,2011,Currency,28560.81
County,McMinn,2012,Currency,30488.50
County,McMinn,2013,Currency,30948.00
County,McMinn,2014,Currency,32606.00
County,McMinn,2015,Currency,33020.00
County,McMinn,2016,Currency,33942.00
County,McMinn,2017,Currency,35084.00
County,McMinn,2018,Currency,35897.00
County,McMinn,2021,Currency,43715.00
County,McMinn,2019,Currency,37942.00
County,McMinn,2020,Currency,40753.00
County,McNairy,1997,Currency,18147.00
County,McNairy,1998,Currency,18844.00
County,McNairy,1999,Currency,19192.00
County,McNairy,2000,Currency,20589.00
County,McNairy,2001,Currency,20245.00
County,McNairy,2002,Currency,22040.00
County,McNairy,2003,Currency,23798.00
County,McNairy,2004,Currency,27567.00
County,McNairy,2005,Currency,27775.00
County,McNairy,2006,Currency,26033.00
County,McNairy,2007,Currency,26560.00
County,McNairy,2008,Currency,26840.00
County,McNairy,2009,Currency,26037.00
County,McNairy,2010,Currency,27462.00
County,McNairy,2011,Currency,26914.60
County,McNairy,2012,Currency,27941.07
County,McNairy,2013,Currency,28287.00
County,McNairy,2014,Currency,27774.00
County,McNairy,2015,Currency,29105.00
County,McNairy,2016,Currency,30003.00
County,McNairy,2017,Currency,31901.00
County,McNairy,2018,Currency,32573.00
County,McNairy,2021,Currency,38354.00
County,McNairy,2019,Currency,33591.00
County,McNairy,2020,Currency,35878.00
County,Meigs,1997,Currency,14996.00
County,Meigs,1998,Currency,15214.00
County,Meigs,1999,Currency,15308.00
County,Meigs,2000,Currency,16095.00
County,Meigs,2001,Currency,16468.00
County,Meigs,2002,Currency,19711.00
County,Meigs,2003,Currency,20227.00
County,Meigs,2004,Currency,21284.00
County,Meigs,2005,Currency,22206.00
County,Meigs,2006,Currency,23192.00
County,Meigs,2007,Currency,24198.00
County,Meigs,2008,Currency,25839.00
County,Meigs,2009,Currency,25404.00
County,Meigs,2010,Currency,27502.00
County,Meigs,2011,Currency,29724.48
County,Meigs,2012,Currency,31456.07
County,Meigs,2013,Currency,33167.00
County,Meigs,2014,Currency,33223.00
County,Meigs,2015,Currency,30386.00
County,Meigs,2016,Currency,30712.00
County,Meigs,2017,Currency,33347.00
County,Meigs,2018,Currency,33526.00
County,Meigs,2021,Currency,39452.00
County,Meigs,2019,Currency,34639.00
County,Meigs,2020,Currency,37645.00
County,Monroe,1997,Currency,16149.00
County,Monroe,1998,Currency,16579.00
County,Monroe,1999,Currency,16962.00
County,Monroe,2000,Currency,17604.00
County,Monroe,2001,Currency,18464.00
County,Monroe,2002,Currency,18833.00
County,Monroe,2003,Currency,20110.00
County,Monroe,2004,Currency,21701.00
County,Monroe,2005,Currency,22552.00
County,Monroe,2006,Currency,23444.00
County,Monroe,2007,Currency,24486.00
County,Monroe,2008,Currency,24202.00
County,Monroe,2009,Currency,23567.00
County,Monroe,2010,Currency,25312.00
County,Monroe,2011,Currency,26678.51
County,Monroe,2012,Currency,27980.52
County,Monroe,2013,Currency,28259.00
County,Monroe,2014,Currency,29449.00
County,Monroe,2015,Currency,30470.00
County,Monroe,2016,Currency,31512.00
County,Monroe,2017,Currency,32283.00
County,Monroe,2018,Currency,33338.00
County,Monroe,2021,Currency,42276.00
County,Monroe,2019,Currency,36325.00
County,Monroe,2020,Currency,39204.00
County,Montgomery,1997,Currency,20876.00
County,Montgomery,1998,Currency,21480.00
County,Montgomery,1999,Currency,22907.00
County,Montgomery,2000,Currency,23725.00
County,Montgomery,2001,Currency,24245.00
County,Montgomery,2002,Currency,25689.00
County,Montgomery,2003,Currency,27481.00
County,Montgomery,2004,Currency,28863.00
County,Montgomery,2005,Currency,31812.00
County,Montgomery,2006,Currency,35232.00
County,Montgomery,2007,Currency,35337.00
County,Montgomery,2008,Currency,38270.00
County,Montgomery,2009,Currency,39104.00
County,Montgomery,2010,Currency,39155.00
County,Montgomery,2011,Currency,42223.30
County,Montgomery,2012,Currency,41418.95
County,Montgomery,2013,Currency,41695.00
County,Montgomery,2014,Currency,39708.00
County,Montgomery,2015,Currency,39400.00
County,Montgomery,2016,Currency,39176.00
County,Montgomery,2017,Currency,40633.00
County,Montgomery,2018,Currency,41031.00
County,Montgomery,2021,Currency,48104.00
County,Montgomery,2019,Currency,42647.00
County,Montgomery,2020,Currency,45493.00
County,Moore,1997,Currency,17281.00
County,Moore,1998,Currency,18150.00
County,Moore,1999,Currency,18594.00
County,Moore,2000,Currency,19325.00
County,Moore,2001,Currency,20175.00
County,Moore,2002,Currency,21959.00
County,Moore,2003,Currency,23394.00
County,Moore,2004,Currency,25255.00
County,Moore,2005,Currency,26701.00
County,Moore,2006,Currency,27823.00
County,Moore,2007,Currency,29657.00
County,Moore,2008,Currency,30969.00
County,Moore,2009,Currency,31514.00
County,Moore,2010,Currency,33092.00
County,Moore,2011,Currency,35703.51
County,Moore,2012,Currency,38046.36
County,Moore,2013,Currency,38775.00
County,Moore,2014,Currency,36474.00
County,Moore,2015,Currency,38179.00
County,Moore,2016,Currency,37415.00
County,Moore,2017,Currency,39185.00
County,Moore,2018,Currency,41276.00
County,Moore,2021,Currency,48015.00
County,Moore,2019,Currency,43240.00
County,Moore,2020,Currency,45380.00
County,Morgan,1997,Currency,13818.00
County,Morgan,1998,Currency,14236.00
County,Morgan,1999,Currency,14522.00
County,Morgan,2000,Currency,15412.00
County,Morgan,2001,Currency,16099.00
County,Morgan,2002,Currency,18976.00
County,Morgan,2003,Currency,17503.00
County,Morgan,2004,Currency,18567.00
County,Morgan,2005,Currency,19414.00
County,Morgan,2006,Currency,20701.00
County,Morgan,2007,Currency,21687.00
County,Morgan,2008,Currency,24750.00
County,Morgan,2009,Currency,25929.00
County,Morgan,2010,Currency,23896.00
County,Morgan,2011,Currency,25596.90
County,Morgan,2012,Currency,26258.46
County,Morgan,2013,Currency,26690.00
County,Morgan,2014,Currency,27205.00
County,Morgan,2015,Currency,27329.00
County,Morgan,2016,Currency,27978.00
County,Morgan,2017,Currency,28699.00
County,Morgan,2018,Currency,29380.00
County,Morgan,2021,Currency,39005.00
County,Morgan,2019,Currency,32561.00
County,Morgan,2020,Currency,35188.00
County,Obion,1997,Currency,21632.00
County,Obion,1998,Currency,22457.00
County,Obion,1999,Currency,23135.00
County,Obion,2000,Currency,24241.00
County,Obion,2001,Currency,24089.00
County,Obion,2002,Currency,24837.00
County,Obion,2003,Currency,25209.00
County,Obion,2004,Currency,25754.00
County,Obion,2005,Currency,27143.00
County,Obion,2006,Currency,28316.00
County,Obion,2007,Currency,29372.00
County,Obion,2008,Currency,31824.00
County,Obion,2009,Currency,32968.00
County,Obion,2010,Currency,30792.00
County,Obion,2011,Currency,33043.77
County,Obion,2012,Currency,31368.35
County,Obion,2013,Currency,34404.00
County,Obion,2014,Currency,35704.00
County,Obion,2015,Currency,35699.00
County,Obion,2016,Currency,36729.00
County,Obion,2017,Currency,38750.00
County,Obion,2018,Currency,40666.00
County,Obion,2021,Currency,48493.00
County,Obion,2019,Currency,40375.00
County,Obion,2020,Currency,43488.00
County,Overton,1997,Currency,16020.00
County,Overton,1998,Currency,16734.00
County,Overton,1999,Currency,17154.00
County,Overton,2000,Currency,17971.00
County,Overton,2001,Currency,18478.00
County,Overton,2002,Currency,20172.00
County,Overton,2003,Currency,20353.00
County,Overton,2004,Currency,20480.00
County,Overton,2005,Currency,21385.00
County,Overton,2006,Currency,21969.00
County,Overton,2007,Currency,22782.00
County,Overton,2008,Currency,24809.00
County,Overton,2009,Currency,24811.00
County,Overton,2010,Currency,24711.00
County,Overton,2011,Currency,25613.91
County,Overton,2012,Currency,26710.72
County,Overton,2013,Currency,27379.00
County,Overton,2014,Currency,28279.00
County,Overton,2015,Currency,29962.00
County,Overton,2016,Currency,30197.00
County,Overton,2017,Currency,32445.00
County,Overton,2018,Currency,33701.00
County,Overton,2021,Currency,40959.00
County,Overton,2019,Currency,35018.00
County,Overton,2020,Currency,37812.00
County,Perry,1997,Currency,18577.00
County,Perry,1998,Currency,18527.00
County,Perry,1999,Currency,19443.00
County,Perry,2000,Currency,20572.00
County,Perry,2001,Currency,20725.00
County,Perry,2002,Currency,22076.00
County,Perry,2003,Currency,21238.00
County,Perry,2004,Currency,23438.00
County,Perry,2005,Currency,24841.00
County,Perry,2006,Currency,25665.00
County,Perry,2007,Currency,25632.00
County,Perry,2008,Currency,26337.00
County,Perry,2009,Currency,26031.00
County,Perry,2010,Currency,26821.00
County,Perry,2011,Currency,27915.28
County,Perry,2012,Currency,29320.20
County,Perry,2013,Currency,29791.00
County,Perry,2014,Currency,28822.00
County,Perry,2015,Currency,28759.00
County,Perry,2016,Currency,29390.00
County,Perry,2017,Currency,33670.00
County,Perry,2018,Currency,34268.00
County,Perry,2021,Currency,38404.00
County,Perry,2019,Currency,34491.00
County,Perry,2020,Currency,35934.00
County,Pickett,1997,Currency,16380.00
County,Pickett,1998,Currency,17186.00
County,Pickett,1999,Currency,17392.00
County,Pickett,2000,Currency,18873.00
County,Pickett,2001,Currency,17683.00
County,Pickett,2002,Currency,17541.00
County,Pickett,2003,Currency,17339.00
County,Pickett,2004,Currency,19263.00
County,Pickett,2005,Currency,20405.00
County,Pickett,2006,Currency,21230.00
County,Pickett,2007,Currency,22411.00
County,Pickett,2008,Currency,25059.00
County,Pickett,2009,Currency,25137.00
County,Pickett,2010,Currency,25585.00
County,Pickett,2011,Currency,27252.45
County,Pickett,2012,Currency,28392.54
County,Pickett,2013,Currency,29663.00
County,Pickett,2014,Currency,30395.00
County,Pickett,2015,Currency,34472.00
County,Pickett,2016,Currency,37567.00
County,Pickett,2017,Currency,39171.00
County,Pickett,2018,Currency,39686.00
County,Pickett,2021,Currency,45308.00
County,Pickett,2019,Currency,40574.00
County,Pickett,2020,Currency,42952.00
County,Polk,1997,Currency,16729.00
County,Polk,1998,Currency,17229.00
County,Polk,1999,Currency,17604.00
County,Polk,2000,Currency,18558.00
County,Polk,2001,Currency,19052.00
County,Polk,2002,Currency,21902.00
County,Polk,2003,Currency,21130.00
County,Polk,2004,Currency,23021.00
County,Polk,2005,Currency,24245.00
County,Polk,2006,Currency,25169.00
County,Polk,2007,Currency,26242.00
County,Polk,2008,Currency,27810.00
County,Polk,2009,Currency,27468.00
County,Polk,2010,Currency,26749.00
County,Polk,2011,Currency,26488.20
County,Polk,2012,Currency,28258.02
County,Polk,2013,Currency,28630.00
County,Polk,2014,Currency,30603.00
County,Polk,2015,Currency,30937.00
County,Polk,2016,Currency,32101.00
County,Polk,2017,Currency,33290.00
County,Polk,2018,Currency,33772.00
County,Polk,2021,Currency,39180.00
County,Polk,2019,Currency,33761.00
County,Polk,2020,Currency,35848.00
County,Putnam,1997,Currency,20558.00
County,Putnam,1998,Currency,21677.00
County,Putnam,1999,Currency,22706.00
County,Putnam,2000,Currency,23785.00
County,Putnam,2001,Currency,24021.00
County,Putnam,2002,Currency,23705.00
County,Putnam,2003,Currency,24663.00
County,Putnam,2004,Currency,25507.00
County,Putnam,2005,Currency,26145.00
County,Putnam,2006,Currency,26459.00
County,Putnam,2007,Currency,27682.00
County,Putnam,2008,Currency,29194.00
County,Putnam,2009,Currency,29739.00
County,Putnam,2010,Currency,30057.00
County,Putnam,2011,Currency,32359.42
County,Putnam,2012,Currency,33494.72
County,Putnam,2013,Currency,35078.00
County,Putnam,2014,Currency,34077.00
County,Putnam,2015,Currency,36215.00
County,Putnam,2016,Currency,37218.00
County,Putnam,2017,Currency,38688.00
County,Putnam,2018,Currency,39509.00
County,Putnam,2021,Currency,47536.00
County,Putnam,2019,Currency,41621.00
County,Putnam,2020,Currency,44512.00
County,Rhea,1997,Currency,16152.00
County,Rhea,1998,Currency,16860.00
County,Rhea,1999,Currency,17762.00
County,Rhea,2000,Currency,18463.00
County,Rhea,2001,Currency,18155.00
County,Rhea,2002,Currency,20492.00
County,Rhea,2003,Currency,21085.00
County,Rhea,2004,Currency,22397.00
County,Rhea,2005,Currency,22757.00
County,Rhea,2006,Currency,23508.00
County,Rhea,2007,Currency,24534.00
County,Rhea,2008,Currency,25205.00
County,Rhea,2009,Currency,25228.00
County,Rhea,2010,Currency,26096.00
County,Rhea,2011,Currency,27138.41
County,Rhea,2012,Currency,28062.89
County,Rhea,2013,Currency,28221.00
County,Rhea,2014,Currency,30823.00
County,Rhea,2015,Currency,32573.00
County,Rhea,2016,Currency,33551.00
County,Rhea,2017,Currency,34267.00
County,Rhea,2018,Currency,34147.00
County,Rhea,2021,Currency,42174.00
County,Rhea,2019,Currency,36163.00
County,Rhea,2020,Currency,39571.00
County,Roane,1997,Currency,19379.00
County,Roane,1998,Currency,20116.00
County,Roane,1999,Currency,20720.00
County,Roane,2000,Currency,21957.00
County,Roane,2001,Currency,22017.00
County,Roane,2002,Currency,23878.00
County,Roane,2003,Currency,24949.00
County,Roane,2004,Currency,26447.00
County,Roane,2005,Currency,27584.00
County,Roane,2006,Currency,29074.00
County,Roane,2007,Currency,30278.00
County,Roane,2008,Currency,32260.00
County,Roane,2009,Currency,33015.00
County,Roane,2010,Currency,33616.00
County,Roane,2011,Currency,35223.88
County,Roane,2012,Currency,36353.47
County,Roane,2013,Currency,36768.00
County,Roane,2014,Currency,35390.00
County,Roane,2015,Currency,37441.00
County,Roane,2016,Currency,38234.00
County,Roane,2017,Currency,39763.00
County,Roane,2018,Currency,40980.00
County,Roane,2021,Currency,49972.00
County,Roane,2019,Currency,43488.00
County,Roane,2020,Currency,46373.00
County,Robertson,1997,Currency,21303.00
County,Robertson,1998,Currency,22517.00
County,Robertson,1999,Currency,23470.00
County,Robertson,2000,Currency,24211.00
County,Robertson,2001,Currency,23565.00
County,Robertson,2002,Currency,25413.00
County,Robertson,2003,Currency,26240.00
County,Robertson,2004,Currency,27976.00
County,Robertson,2005,Currency,29372.00
County,Robertson,2006,Currency,30764.00
County,Robertson,2007,Currency,30829.00
County,Robertson,2008,Currency,32188.00
County,Robertson,2009,Currency,30570.00
County,Robertson,2010,Currency,31106.00
County,Robertson,2011,Currency,33668.33
County,Robertson,2012,Currency,37574.67
County,Robertson,2013,Currency,37800.00
County,Robertson,2014,Currency,35160.00
County,Robertson,2015,Currency,37661.00
County,Robertson,2016,Currency,38033.00
County,Robertson,2017,Currency,40463.00
County,Robertson,2018,Currency,42104.00
County,Robertson,2021,Currency,51097.00
County,Robertson,2019,Currency,44306.00
County,Robertson,2020,Currency,46519.00
County,Rutherford,1997,Currency,23079.00
County,Rutherford,1998,Currency,23743.00
County,Rutherford,1999,Currency,24865.00
County,Rutherford,2000,Currency,26327.00
County,Rutherford,2001,Currency,26434.00
County,Rutherford,2002,Currency,26946.00
County,Rutherford,2003,Currency,27662.00
County,Rutherford,2004,Currency,28651.00
County,Rutherford,2005,Currency,29784.00
County,Rutherford,2006,Currency,30519.00
County,Rutherford,2007,Currency,30761.00
County,Rutherford,2008,Currency,31301.00
County,Rutherford,2009,Currency,30386.00
County,Rutherford,2010,Currency,30665.00
County,Rutherford,2011,Currency,32757.65
County,Rutherford,2012,Currency,34550.95
County,Rutherford,2013,Currency,35113.00
County,Rutherford,2014,Currency,36194.00
County,Rutherford,2015,Currency,37654.00
County,Rutherford,2016,Currency,38098.00
County,Rutherford,2017,Currency,39968.00
County,Rutherford,2018,Currency,41031.00
County,Rutherford,2021,Currency,49411.00
County,Rutherford,2019,Currency,43273.00
County,Rutherford,2020,Currency,45604.00
County,Scott,1997,Currency,14262.00
County,Scott,1998,Currency,14846.00
County,Scott,1999,Currency,15784.00
County,Scott,2000,Currency,16762.00
County,Scott,2001,Currency,16697.00
County,Scott,2002,Currency,17270.00
County,Scott,2003,Currency,17615.00
County,Scott,2004,Currency,19006.00
County,Scott,2005,Currency,19632.00
County,Scott,2006,Currency,20094.00
County,Scott,2007,Currency,21130.00
County,Scott,2008,Currency,22000.00
County,Scott,2009,Currency,22341.00
County,Scott,2010,Currency,22863.00
County,Scott,2011,Currency,24013.95
County,Scott,2012,Currency,24564.98
County,Scott,2013,Currency,25322.00
County,Scott,2014,Currency,26374.00
County,Scott,2015,Currency,27231.00
County,Scott,2016,Currency,27435.00
County,Scott,2017,Currency,28721.00
County,Scott,2018,Currency,29758.00
County,Scott,2021,Currency,37333.00
County,Scott,2019,Currency,31373.00
County,Scott,2020,Currency,34229.00
County,Sequatchie,1997,Currency,16447.00
County,Sequatchie,1998,Currency,16779.00
County,Sequatchie,1999,Currency,17533.00
County,Sequatchie,2000,Currency,18353.00
County,Sequatchie,2001,Currency,18746.00
County,Sequatchie,2002,Currency,20026.00
County,Sequatchie,2003,Currency,20855.00
County,Sequatchie,2004,Currency,22756.00
County,Sequatchie,2005,Currency,23604.00
County,Sequatchie,2006,Currency,24934.00
County,Sequatchie,2007,Currency,27179.00
County,Sequatchie,2008,Currency,28223.00
County,Sequatchie,2009,Currency,28547.00
County,Sequatchie,2010,Currency,30456.00
County,Sequatchie,2011,Currency,32127.69
County,Sequatchie,2012,Currency,33503.92
County,Sequatchie,2013,Currency,34766.00
County,Sequatchie,2014,Currency,32305.00
County,Sequatchie,2015,Currency,33653.00
County,Sequatchie,2016,Currency,34671.00
County,Sequatchie,2017,Currency,36691.00
County,Sequatchie,2018,Currency,38003.00
County,Sequatchie,2021,Currency,43709.00
County,Sequatchie,2019,Currency,38090.00
County,Sequatchie,2020,Currency,41286.00
County,Sevier,1997,Currency,20398.00
County,Sevier,1998,Currency,20900.00
County,Sevier,1999,Currency,21855.00
County,Sevier,2000,Currency,22628.00
County,Sevier,2001,Currency,22942.00
County,Sevier,2002,Currency,24603.00
County,Sevier,2003,Currency,26075.00
County,Sevier,2004,Currency,27002.00
County,Sevier,2005,Currency,28029.00
County,Sevier,2006,Currency,29556.00
County,Sevier,2007,Currency,30276.00
County,Sevier,2008,Currency,32179.00
County,Sevier,2009,Currency,31949.00
County,Sevier,2010,Currency,30898.00
County,Sevier,2011,Currency,32626.56
County,Sevier,2012,Currency,33497.55
County,Sevier,2013,Currency,34684.00
County,Sevier,2014,Currency,32350.00
County,Sevier,2015,Currency,34693.00
County,Sevier,2016,Currency,36285.00
County,Sevier,2017,Currency,38114.00
County,Sevier,2018,Currency,39474.00
County,Sevier,2021,Currency,49012.00
County,Sevier,2019,Currency,43223.00
County,Sevier,2020,Currency,46027.00
County,Shelby,1997,Currency,26880.00
County,Shelby,1998,Currency,29198.00
County,Shelby,1999,Currency,30098.00
County,Shelby,2000,Currency,31265.00
County,Shelby,2001,Currency,32420.00
County,Shelby,2002,Currency,32914.00
County,Shelby,2003,Currency,33441.00
County,Shelby,2004,Currency,34878.00
County,Shelby,2005,Currency,36160.00
County,Shelby,2006,Currency,38204.00
County,Shelby,2007,Currency,40265.00
County,Shelby,2008,Currency,41598.00
County,Shelby,2009,Currency,40547.00
County,Shelby,2010,Currency,39892.00
County,Shelby,2011,Currency,40821.07
County,Shelby,2012,Currency,42409.03
County,Shelby,2013,Currency,43210.00
County,Shelby,2014,Currency,44705.00
County,Shelby,2015,Currency,45153.00
County,Shelby,2016,Currency,46234.00
County,Shelby,2017,Currency,47655.00
County,Shelby,2018,Currency,49465.00
County,Shelby,2021,Currency,59212.00
County,Shelby,2019,Currency,51067.00
County,Shelby,2020,Currency,54427.00
County,Smith,1997,Currency,18742.00
County,Smith,1998,Currency,19475.00
County,Smith,1999,Currency,19753.00
County,Smith,2000,Currency,20986.00
County,Smith,2001,Currency,21572.00
County,Smith,2002,Currency,23533.00
County,Smith,2003,Currency,23124.00
County,Smith,2004,Currency,24504.00
County,Smith,2005,Currency,25324.00
County,Smith,2006,Currency,27202.00
County,Smith,2007,Currency,27849.00
County,Smith,2008,Currency,29556.00
County,Smith,2009,Currency,27065.00
County,Smith,2010,Currency,30204.00
County,Smith,2011,Currency,31702.62
County,Smith,2012,Currency,34567.25
County,Smith,2013,Currency,34371.00
County,Smith,2014,Currency,34231.00
County,Smith,2015,Currency,35182.00
County,Smith,2016,Currency,34653.00
County,Smith,2017,Currency,36759.00
County,Smith,2018,Currency,37742.00
County,Smith,2021,Currency,48602.00
County,Smith,2019,Currency,41898.00
County,Smith,2020,Currency,44033.00
County,Stewart,1997,Currency,15743.00
County,Stewart,1998,Currency,15867.00
County,Stewart,1999,Currency,16550.00
County,Stewart,2000,Currency,17838.00
County,Stewart,2001,Currency,17828.00
County,Stewart,2002,Currency,20560.00
County,Stewart,2003,Currency,20855.00
County,Stewart,2004,Currency,22120.00
County,Stewart,2005,Currency,23341.00
County,Stewart,2006,Currency,25011.00
County,Stewart,2007,Currency,25938.00
County,Stewart,2008,Currency,27392.00
County,Stewart,2009,Currency,28296.00
County,Stewart,2010,Currency,31151.00
County,Stewart,2011,Currency,34612.51
County,Stewart,2012,Currency,35213.83
County,Stewart,2013,Currency,35660.00
County,Stewart,2014,Currency,37381.00
County,Stewart,2015,Currency,38085.00
County,Stewart,2016,Currency,38469.00
County,Stewart,2017,Currency,39523.00
County,Stewart,2018,Currency,39853.00
County,Stewart,2021,Currency,48205.00
County,Stewart,2019,Currency,42737.00
County,Stewart,2020,Currency,45248.00
County,Sullivan,1997,Currency,22271.00
County,Sullivan,1998,Currency,22946.00
County,Sullivan,1999,Currency,23708.00
County,Sullivan,2000,Currency,25115.00
County,Sullivan,2001,Currency,25809.00
County,Sullivan,2002,Currency,26306.00
County,Sullivan,2003,Currency,26728.00
County,Sullivan,2004,Currency,27960.00
County,Sullivan,2005,Currency,29077.00
County,Sullivan,2006,Currency,30242.00
County,Sullivan,2007,Currency,32141.00
County,Sullivan,2008,Currency,34068.00
County,Sullivan,2009,Currency,34081.00
County,Sullivan,2010,Currency,33846.00
County,Sullivan,2011,Currency,35457.22
County,Sullivan,2012,Currency,36708.66
County,Sullivan,2013,Currency,37074.00
County,Sullivan,2014,Currency,36918.00
County,Sullivan,2015,Currency,38799.00
County,Sullivan,2016,Currency,39345.00
County,Sullivan,2017,Currency,41431.00
County,Sullivan,2018,Currency,42606.00
County,Sullivan,2021,Currency,50418.00
County,Sullivan,2019,Currency,44125.00
County,Sullivan,2020,Currency,47021.00
County,Sumner,1997,Currency,22411.00
County,Sumner,1998,Currency,23718.00
County,Sumner,1999,Currency,24875.00
County,Sumner,2000,Currency,26272.00
County,Sumner,2001,Currency,26430.00
County,Sumner,2002,Currency,27410.00
County,Sumner,2003,Currency,28063.00
County,Sumner,2004,Currency,29504.00
County,Sumner,2005,Currency,31033.00
County,Sumner,2006,Currency,32710.00
County,Sumner,2007,Currency,33268.00
County,Sumner,2008,Currency,34768.00
County,Sumner,2009,Currency,33557.00
County,Sumner,2010,Currency,35030.00
County,Sumner,2011,Currency,37017.26
County,Sumner,2012,Currency,39119.40
County,Sumner,2013,Currency,39894.00
County,Sumner,2014,Currency,38813.00
County,Sumner,2015,Currency,43079.00
County,Sumner,2016,Currency,43951.00
County,Sumner,2017,Currency,46998.00
County,Sumner,2018,Currency,48656.00
County,Sumner,2021,Currency,59105.00
County,Sumner,2019,Currency,52015.00
County,Sumner,2020,Currency,54570.00
County,Tipton,1997,Currency,17412.00
County,Tipton,1998,Currency,17849.00
County,Tipton,1999,Currency,18376.00
County,Tipton,2000,Currency,19333.00
County,Tipton,2001,Currency,19540.00
County,Tipton,2002,Currency,23468.00
County,Tipton,2003,Currency,23896.00
County,Tipton,2004,Currency,25057.00
County,Tipton,2005,Currency,25962.00
County,Tipton,2006,Currency,28062.00
County,Tipton,2007,Currency,28995.00
County,Tipton,2008,Currency,31766.00
County,Tipton,2009,Currency,32451.00
County,Tipton,2010,Currency,32426.00
County,Tipton,2011,Currency,35593.71
County,Tipton,2012,Currency,36818.56
County,Tipton,2013,Currency,37535.00
County,Tipton,2014,Currency,33626.00
County,Tipton,2015,Currency,34721.00
County,Tipton,2016,Currency,36192.00
County,Tipton,2017,Currency,37515.00
County,Tipton,2018,Currency,38547.00
County,Tipton,2021,Currency,49219.00
County,Tipton,2019,Currency,41866.00
County,Tipton,2020,Currency,44778.00
County,Trousdale,1997,Currency,15555.00
County,Trousdale,1998,Currency,16504.00
County,Trousdale,1999,Currency,16671.00
County,Trousdale,2000,Currency,17717.00
County,Trousdale,2001,Currency,17392.00
County,Trousdale,2002,Currency,21129.00
County,Trousdale,2003,Currency,20806.00
County,Trousdale,2004,Currency,22099.00
County,Trousdale,2005,Currency,23288.00
County,Trousdale,2006,Currency,24517.00
County,Trousdale,2007,Currency,25626.00
County,Trousdale,2008,Currency,27473.00
County,Trousdale,2009,Currency,25752.00
County,Trousdale,2010,Currency,33050.00
County,Trousdale,2011,Currency,39960.98
County,Trousdale,2012,Currency,43063.80
County,Trousdale,2013,Currency,48149.00
County,Trousdale,2014,Currency,53567.00
County,Trousdale,2015,Currency,34954.00
County,Trousdale,2016,Currency,35177.00
County,Trousdale,2017,Currency,31893.00
County,Trousdale,2018,Currency,30090.00
County,Trousdale,2021,Currency,36454.00
County,Trousdale,2019,Currency,31874.00
County,Trousdale,2020,Currency,33321.00
County,Unicoi,1997,Currency,19220.00
County,Unicoi,1998,Currency,19951.00
County,Unicoi,1999,Currency,20498.00
County,Unicoi,2000,Currency,22112.00
County,Unicoi,2001,Currency,22443.00
County,Unicoi,2002,Currency,22671.00
County,Unicoi,2003,Currency,22986.00
County,Unicoi,2004,Currency,25226.00
County,Unicoi,2005,Currency,26044.00
County,Unicoi,2006,Currency,26635.00
County,Unicoi,2007,Currency,28420.00
County,Unicoi,2008,Currency,29978.00
County,Unicoi,2009,Currency,30116.00
County,Unicoi,2010,Currency,29794.00
County,Unicoi,2011,Currency,31517.60
County,Unicoi,2012,Currency,32610.98
County,Unicoi,2013,Currency,32987.00
County,Unicoi,2014,Currency,33185.00
County,Unicoi,2015,Currency,34826.00
County,Unicoi,2016,Currency,35499.00
County,Unicoi,2017,Currency,36779.00
County,Unicoi,2018,Currency,37423.00
County,Unicoi,2021,Currency,43044.00
County,Unicoi,2019,Currency,37049.00
County,Unicoi,2020,Currency,39632.00
County,Union,1997,Currency,13800.00
County,Union,1998,Currency,14315.00
County,Union,1999,Currency,14321.00
County,Union,2000,Currency,15074.00
County,Union,2001,Currency,15178.00
County,Union,2002,Currency,18096.00
County,Union,2003,Currency,17570.00
County,Union,2004,Currency,18828.00
County,Union,2005,Currency,19711.00
County,Union,2006,Currency,21092.00
County,Union,2007,Currency,22044.00
County,Union,2008,Currency,23496.00
County,Union,2009,Currency,23447.00
County,Union,2010,Currency,24885.00
County,Union,2011,Currency,26061.72
County,Union,2012,Currency,26798.39
County,Union,2013,Currency,27844.00
County,Union,2014,Currency,26104.00
County,Union,2015,Currency,28611.00
County,Union,2016,Currency,29283.00
County,Union,2017,Currency,30686.00
County,Union,2018,Currency,31693.00
County,Union,2021,Currency,40349.00
County,Union,2019,Currency,34493.00
County,Union,2020,Currency,36826.00
County,Van Buren,1997,Currency,13477.00
County,Van Buren,1998,Currency,14850.00
County,Van Buren,1999,Currency,15588.00
County,Van Buren,2000,Currency,16734.00
County,Van Buren,2001,Currency,17754.00
County,Van Buren,2002,Currency,20565.00
County,Van Buren,2003,Currency,21700.00
County,Van Buren,2004,Currency,23597.00
County,Van Buren,2005,Currency,24051.00
County,Van Buren,2006,Currency,25245.00
County,Van Buren,2007,Currency,25071.00
County,Van Buren,2008,Currency,26534.00
County,Van Buren,2009,Currency,26951.00
County,Van Buren,2010,Currency,26678.00
County,Van Buren,2011,Currency,28669.72
County,Van Buren,2012,Currency,29146.76
County,Van Buren,2013,Currency,30294.00
County,Van Buren,2014,Currency,26648.00
County,Van Buren,2015,Currency,26693.00
County,Van Buren,2016,Currency,27268.00
County,Van Buren,2017,Currency,30793.00
County,Van Buren,2018,Currency,30770.00
County,Van Buren,2021,Currency,36669.00
County,Van Buren,2019,Currency,31881.00
County,Van Buren,2020,Currency,34664.00
County,Warren,1997,Currency,20038.00
County,Warren,1998,Currency,20863.00
County,Warren,1999,Currency,21478.00
County,Warren,2000,Currency,22400.00
County,Warren,2001,Currency,21849.00
County,Warren,2002,Currency,22510.00
County,Warren,2003,Currency,23129.00
County,Warren,2004,Currency,24248.00
County,Warren,2005,Currency,25119.00
County,Warren,2006,Currency,24626.00
County,Warren,2007,Currency,25512.00
County,Warren,2008,Currency,26097.00
County,Warren,2009,Currency,25740.00
County,Warren,2010,Currency,26483.00
County,Warren,2011,Currency,27103.06
County,Warren,2012,Currency,28451.20
County,Warren,2013,Currency,29532.00
County,Warren,2014,Currency,30731.00
County,Warren,2015,Currency,32135.00
County,Warren,2016,Currency,32930.00
County,Warren,2017,Currency,33483.00
County,Warren,2018,Currency,33970.00
County,Warren,2021,Currency,41296.00
County,Warren,2019,Currency,36188.00
County,Warren,2020,Currency,38892.00
County,Washington,1997,Currency,21641.00
County,Washington,1998,Currency,22375.00
County,Washington,1999,Currency,22972.00
County,Washington,2000,Currency,24333.00
County,Washington,2001,Currency,25068.00
County,Washington,2002,Currency,24323.00
County,Washington,2003,Currency,25326.00
County,Washington,2004,Currency,27045.00
County,Washington,2005,Currency,28115.00
County,Washington,2006,Currency,28822.00
County,Washington,2007,Currency,30516.00
County,Washington,2008,Currency,33058.00
County,Washington,2009,Currency,33391.00
County,Washington,2010,Currency,32950.00
County,Washington,2011,Currency,35898.33
County,Washington,2012,Currency,36964.39
County,Washington,2013,Currency,37387.00
County,Washington,2014,Currency,36859.00
County,Washington,2015,Currency,39034.00
County,Washington,2016,Currency,39909.00
County,Washington,2017,Currency,42002.00
County,Washington,2018,Currency,43299.00
County,Washington,2021,Currency,52089.00
County,Washington,2019,Currency,45144.00
County,Washington,2020,Currency,48475.00
County,Wayne,1997,Currency,14377.00
County,Wayne,1998,Currency,14538.00
County,Wayne,1999,Currency,14752.00
County,Wayne,2000,Currency,15706.00
County,Wayne,2001,Currency,15357.00
County,Wayne,2002,Currency,16256.00
County,Wayne,2003,Currency,16088.00
County,Wayne,2004,Currency,17630.00
County,Wayne,2005,Currency,17928.00
County,Wayne,2006,Currency,18575.00
County,Wayne,2007,Currency,19771.00
County,Wayne,2008,Currency,21024.00
County,Wayne,2009,Currency,21281.00
County,Wayne,2010,Currency,21821.00
County,Wayne,2011,Currency,23317.49
County,Wayne,2012,Currency,24197.86
County,Wayne,2013,Currency,25695.00
County,Wayne,2014,Currency,26492.00
County,Wayne,2015,Currency,28134.00
County,Wayne,2016,Currency,27520.00
County,Wayne,2017,Currency,27306.00
County,Wayne,2018,Currency,28962.00
County,Wayne,2021,Currency,35726.00
County,Wayne,2019,Currency,30283.00
County,Wayne,2020,Currency,33461.00
County,Weakley,1997,Currency,18369.00
County,Weakley,1998,Currency,18833.00
County,Weakley,1999,Currency,19023.00
County,Weakley,2000,Currency,20385.00
County,Weakley,2001,Currency,20594.00
County,Weakley,2002,Currency,21625.00
County,Weakley,2003,Currency,22037.00
County,Weakley,2004,Currency,23403.00
County,Weakley,2005,Currency,24524.00
County,Weakley,2006,Currency,25558.00
County,Weakley,2007,Currency,26301.00
County,Weakley,2008,Currency,28787.00
County,Weakley,2009,Currency,28998.00
County,Weakley,2010,Currency,27805.00
County,Weakley,2011,Currency,31545.93
County,Weakley,2012,Currency,31361.88
County,Weakley,2013,Currency,33975.00
County,Weakley,2014,Currency,32584.00
County,Weakley,2015,Currency,32575.00
County,Weakley,2016,Currency,33491.00
County,Weakley,2017,Currency,36265.00
County,Weakley,2018,Currency,37316.00
County,Weakley,2021,Currency,45366.00
County,Weakley,2019,Currency,38337.00
County,Weakley,2020,Currency,41133.00
County,White,1997,Currency,16561.00
County,White,1998,Currency,17305.00
County,White,1999,Currency,17829.00
County,White,2000,Currency,18953.00
County,White,2001,Currency,18636.00
County,White,2002,Currency,19411.00
County,White,2003,Currency,19743.00
County,White,2004,Currency,20940.00
County,White,2005,Currency,21410.00
County,White,2006,Currency,21550.00
County,White,2007,Currency,22313.00
County,White,2008,Currency,23284.00
County,White,2009,Currency,23149.00
County,White,2010,Currency,24881.00
County,White,2011,Currency,25577.58
County,White,2012,Currency,27093.38
County,White,2013,Currency,27653.00
County,White,2014,Currency,29430.00
County,White,2015,Currency,30967.00
County,White,2016,Currency,31752.00
County,White,2017,Currency,32207.00
County,White,2018,Currency,32477.00
County,White,2021,Currency,40770.00
County,White,2019,Currency,35019.00
County,White,2020,Currency,37603.00
County,Williamson,1997,Currency,34725.00
County,Williamson,1998,Currency,36381.00
County,Williamson,1999,Currency,37660.00
County,Williamson,2000,Currency,39773.00
County,Williamson,2001,Currency,41524.00
County,Williamson,2002,Currency,42370.00
County,Williamson,2003,Currency,42707.00
County,Williamson,2004,Currency,45538.00
County,Williamson,2005,Currency,47712.00
County,Williamson,2006,Currency,51841.00
County,Williamson,2007,Currency,54755.00
County,Williamson,2008,Currency,55717.00
County,Williamson,2009,Currency,53392.00
County,Williamson,2010,Currency,54539.00
County,Williamson,2011,Currency,62366.44
County,Williamson,2012,Currency,66196.28
County,Williamson,2013,Currency,69439.00
County,Williamson,2014,Currency,71761.00
County,Williamson,2015,Currency,87419.00
County,Williamson,2016,Currency,90979.00
County,Williamson,2017,Currency,95339.00
County,Williamson,2018,Currency,94872.00
County,Williamson,2021,Currency,107698.00
County,Williamson,2019,Currency,95806.00
County,Williamson,2020,Currency,99408.00
County,Wilson,1997,Currency,23677.00
County,Wilson,1998,Currency,24465.00
County,Wilson,1999,Currency,25576.00
County,Wilson,2000,Currency,27145.00
County,Wilson,2001,Currency,27089.00
County,Wilson,2002,Currency,30120.00
County,Wilson,2003,Currency,31446.00
County,Wilson,2004,Currency,32796.00
County,Wilson,2005,Currency,34030.00
County,Wilson,2006,Currency,35644.00
County,Wilson,2007,Currency,36522.00
County,Wilson,2008,Currency,37040.00
County,Wilson,2009,Currency,35612.00
County,Wilson,2010,Currency,36797.00
County,Wilson,2011,Currency,38651.60
County,Wilson,2012,Currency,40879.70
County,Wilson,2013,Currency,41288.00
County,Wilson,2014,Currency,41214.00
County,Wilson,2015,Currency,43458.00
County,Wilson,2016,Currency,44650.00
County,Wilson,2017,Currency,47335.00
County,Wilson,2018,Currency,49092.00
County,Wilson,2021,Currency,59229.00
County,Wilson,2019,Currency,52573.00
County,Wilson,2020,Currency,54619.00